1,"下列关于社会经济规律，说法错误的是（  ）。",<p>A:经济规律体现着社会经济活动的必然趋势</p><p>B:经济规律具有客观性</p><p>C:在一定的社会阶段中，各种经济规律是由于生产力的内部联系而相互联系着，形成经济规律体系</p><p>D:任何经济规律都是不以人的主观意志为转移的</p>,4,C,本题考查社会经济规律。在一定的社会阶段中，各种经济规律是由于生产关系的颞部联系而相互联系着，形成经济规律体系。,476,1
1,"人类历史上最初的社会经济制度是（  ）。",<p>A:原始社会制度</p><p>B:奴隶社会制度</p><p>C:封建社会制度</p><p>D:资本主义社会制度</p>,4,A,本题考查社会经济制度的变革。社会经济制度的演变经历了五个阶段，即原始社会制度、奴隶社会制度、封建社会制度、资本主义社会制度以及社会主义社会制度，其中原始社会制度是人类历史上最初的社会经济制度。,477,1
1,"关于商品的使用价值和价值的说法，错误的是（  ）。",<p>A:使用价值是能满足人类某种需要的属性</p><p>B:使用价值是商品交换价值和价值的物质承担者</p><p>C:商品作为价值，在质上是相同的，在量上是不可以比较的</p><p>D:商品是使用价值和价值的矛盾统一体</p>,4,C,"本题考查商品的使 用价值和价值。商品作为使用价值，在质上各不相同，因而在量上也难以比较。但是商品作为价值，在质上是相同的，在量上也是可以比较的。",482,1
1,"下列属于货币的基本职能的是（  ）。",<p>A:价值尺度</p><p>B:贮藏手段</p><p>C:支付手段</p><p>D:世界货币</p>,4,A,本题考查货币的职能。货币具有价值尺度、流通手段、贮藏手段、支付手段和世界货币五大职能，其中价值尺度和流通手段是货币的基本职能。,483,1
1,"国家垄断资本主义是指（  ）。",<p>A:垄断资本和国有企业融合在一起的资本主义</p><p>B:垄断资本和国家政权融合在一起的资本主义</p><p>C:金融寡头和国家政权融合在一起的资本主义</p><p>D:银行资本和国有企业融合在一起的资本主义</p>,4,B,本题考查国家垄断资本主义的概念。国家垄断资本主义是指垄断资本和国家政权融合在一起的资本主义。,486,1
1,"我国建立社会主义经济制度的基本途径不包括（  ）。",<p>A:没收官僚资本，建立社会主义全民所有制经济</p><p>B:改造民族资本，壮大社会主义经济基础</p><p>C:没收民族资本，改革社会主义全民所有制经济</p><p>D:改造农业和手工业中的个体所有制，建立社会主义劳动群众集体所有制经济</p>,4,C,本题考查我国建立社会主义经济制度的途径。我国建立社会主义经济制度的基本途径是：（1）没收官僚资本，将其由资本主义私有制经济转变为社会主义全民所有制经济，从而掌握了国民经济的命脉，并使之成为人民民主专政的重要经济基础。（2）改造民族资本，壮大社会主义经济基础。（3）改造农业和手工业中的个体私有制，建立社会主义劳动群众集体所有制经济。,488,1
1,"社会主义的根本任务是（  ）。",<p>A:解放和发展生产力</p><p>B:消灭剥削，消除两极分化</p><p>C:缩小贫富差距，实现共同富裕</p><p>D:满足人民群众日益增长的物质文化需要</p>,4,A,本题考查社会主义的根本任务。社会主义的根本任务是解放和发展生产力。,489,1
1,"形成橄榄型分配格局的关键是（  ）。",<p>A:让中等收入人群持续扩大</p><p>B:重视多渠道增加居民财产性收入</p><p>C:发挥好政府对收入分配的调节作用</p><p>D:兼顾效率和公平，创造机会公平的收入环境</p>,4,A,本题考查社会主义初级阶段的收入分配制度。形成橄榄型分配格局，关键是让中等收入群体持续扩大。,490,1
1,"关于社会主义市场经济与其他社会的市场经济所具有的共同特征，描述错误的是（  ）。",<p>A:一切经济活动都直接或间接地通过市场实现</p><p>B:政府不干预市场主体的生产经营活动</p><p>C:经济运行依据法律规范进行</p><p>D:商品的价格由市场竞争形成</p>,4,B,本题考查社会主义市场经济与其他社会的市场经济的共同特征。社会主义市场经济具有与其他社会的市场经济一样的共同特征：（1）一切经济活动都直接或间接地通过市场实现，市场机制起决定性作用。（2）市场主体自主经营、自负盈亏。（3）商品的价格由市场竞争形成。（4）政府不直接干预市场主体的生产经营活动。（5）经济运行依据法律规范进行。,491,1
1,"现代企业制度的基本特征不包括（  ）。",<p>A:产权清晰</p><p>B:权责明确</p><p>C:政企分开</p><p>D:统筹兼顾</p>,4,D,本题考查现代企业制度的基本特征。现代企业制度的基本特征包括：（1）产权清晰。（2）权责明确。（3）政企分开。（4）管理科学。,494,1
1,"社会主义再生产的典型特征是（  ）。",<p>A:生产力水平的提高</p><p>B:生产关系的不断调整</p><p>C:扩大再生产</p><p>D:科学技术的不断进步</p>,4,C,本题考查社会主义再生产的典型特征。社会主义再生产的典型特征是扩大再生产。,495,1
1,"下列不属于社会主义国民收入再生产分配的途径的是（  ）。",<p>A:国家财政收支</p><p>B:上缴税收</p><p>C:劳务费用的支付</p><p>D:价格体系</p>,4,B,本题考查国民收入的再分配。社会主义国民收入再分配的途径有：（1）国家财政收支。（2）银行信贷。（3）劳务费用的支付。（4）价格体系。,497,1
1,"关于经济增长与经济发展的关系，描述错误的是（  ）。",<p>A:经济增长只是经济发展的一部分</p><p>B:经济增长是实现经济发展的手段和基础</p><p>C:没有经济增长就不可能有经济的发展</p><p>D:有经济增长一定会有经济的发展</p>,4,D,本题考查经济增长与经济发展的关系。有经济增长并非一定就有经济发展，经济增长并不构成经济发展的充分必要条件。,498,1
1,"党的十九大报告提出了新发展理念，国家进一步繁荣发展的必由之路是（  ）。",<p>A:开放</p><p>B:创新</p><p>C:协调</p><p>D:共享</p>,4,A,本题考查党的十九大报告提出的新发展理念。党的十九大报告进一步提出了创新、协调、绿色、开放、共享的新发展理念，其中开放是国家进一步繁荣发展的必由之路。,498,1
1,"关于宏观经济调控手段的描述，错误的是（  ）。",<p>A:计划调控手段是通过国家制定的长期、中期、短期国民经济和社会发展计划，对国民经济的运行和发展进行调解</p><p>B:经济调控手段主要以直接调控为主</p><p>C:法律调控手段主要是依靠国家的法权力量</p><p>D:发展社会主义市场经济，应以经济调控手段为主</p>,4,B,本题考查宏观经济调控的手段。社会主义宏观经济调控以间接调控为主。,500,1
1,"下列不属于货币政策工具的是（  ）。",<p>A:存款准备金率</p><p>B:再贴现率</p><p>C:公开市场业务</p><p>D:国家预算</p>,4,D,本题考查货币政策工具。货币政策工具主要包括：（1）存款准备金率。（2）再贴现率。（3）公开市场业务。,501,1
1,"经济全球化不包括（  ）。",<p>A:贸易全球化</p><p>B:生产全球化</p><p>C:制度全球化</p><p>D:金融全球化</p>,4,C,本题考查经济全球化的分类。经济全球化可以具体划分为贸易全球化、生产全球化和金融全球化。,502,1
1,"我国涉外经济管理应遵循的基本原则不包括（  ）。",<p>A:必须有利于拉动国民经济持续稳定增长，从整体上提升我国的综合国力</p><p>B:必须有利于促进国际收支的绝对平衡，为我国实现社会商品总供给与总需求的均衡创造有利条件</p><p>C:必须有利于提高国民经济的抗风险能力，保证国家经济安全</p><p>D:必须有利于实现国民经济的可持续发展目标，重视资源的合理利用和环境保护</p>,4,B,本题考查我国涉外经济管理应遵循的基本原则。我国涉外经济管理应遵循的基本原则有：（1）必须有利于拉动国民经济持续稳定增长，从整体上提升我国的综合国力。（2）必须有利于促进国际收支的总体平衡，为我国实现社会商品总供给与总需求的均衡创造有利条件。（3）必须有利于带动国内经济结构的合理调整和升级，提高科技含量，发挥我国的比较优势和增强国际竞争力。（4）必须有利于提高国民经济的抗风险能力，保证国家经济安全。（5）必须有利于实现国民经济的可持续发展目标，重视资源的合理利用和环境保护。（6）必须有利于扩大就业和环节国内结构性矛盾，维护城乡社会稳定。,506,1
1,"关于公共物品的融资，说法错误的是（  ）。",<p>A:政府可以以强制税收的方式为公共物品融资</p><p>B:政府融资的缺点是难以实现公共物品提供的多样化需求</p><p>C:非竞争性是对自愿融资起阻碍作用的关键因素</p><p>D:私人融资的缺点是可能导致公共物品供给的数量不足和结构不平衡</p>,4,C,本题考查公共物品的融资。非排他性是对自愿融资起阻碍作用的关键因素。,507,1
1,"下列选项中，不属于财政基本特征的是（  ）。",<p>A:弥补市场失灵</p><p>B:提供公平服务</p><p>C:非市场营利性</p><p>D:稳定性</p>,4,D,本题考查财政的基本特征。财政具有四个基本特征：弥补市场失效、提供公平服务、非市场营利性和法治性。,509,1
1,"市场失灵的表现不包括（  ）。",<p>A:自然垄断</p><p>B:不完全竞争</p><p>C:外部效应和公共物品</p><p>D:收入分配不公和经济波动</p>,4,B,本题考查市场失灵的具体表现。市场失灵主要表现在以下几个方面：（1）自然垄断。（2）信息不对称和不充分。（3）外部效应和公共物品。（4）收入分配不公和经济波动。,508,1
1,"关于财政支出结构，下列说法错误的是（  ）。",<p>A:财政支出结构是指在财政支出总额中各类支出所占的比重</p><p>B:财政支出结构反映了政府如何参与社会经济生活以及参与的广度和重点</p><p>C:财政支出结构有助于人们了解政府参与社会经济生活的具体细节</p><p>D:财政支出结构反映了政府实际上参与社会经济生活的程度</p>,4,D,本题考查财政支出结构。财政支出规模反映了政府实际参与社会经济生活的程度。,513,1
1,"关于政府购买性支出和转移性支出，下列说法错误的是（  ）。",<p>A:购买性支出直接表现为政府购买商品和服务的活动</p><p>B:转移性支出直接表现为现金无偿、单方面的转移</p><p>C:购买性支出和转移性支出均具有有偿性</p><p>D:购买性支出具有等价性，而转移性支出具有非等价性</p>,4,C,本题考查购买性支出和转移性支出的含义和特点。购买性支出具有有偿性，转移性支出具有无偿性。,516,1
1,"财政支出增长的衡量指标中，反映财政支出的增长趋势的是（  ）。",<p>A:财政支出增长率</p><p>B:财政支出总额</p><p>C:财政支出增长的弹性系数</p><p>D:财政支出增长的边际倾向</p>,4,A,本题考查财政支出增长的衡量指标。财政支出增长率反映了财政支出的增长趋势。,514,1
1,"财政收入最主要的形式是（  ）。",<p>A:国有资产收益</p><p>B:税收</p><p>C:专项收入</p><p>D:政府收费</p>,4,B,本题考查财政收入的形式。我国税收收入占财政收入的比重在90%以上，是最主要的财政收入形式。,517,1
1,"政府债务收入与其他财政收入形式相比较，具有的特征不包括（  ）。",<p>A:稳定性</p><p>B:有偿性</p><p>C:自愿性</p><p>D:灵活性</p>,4,A,本题考查我国政府债务收入的特征。政府债务收入与其他财政收入形式相比较，具有如下特征：（1）有偿性。（2）自愿性。（3）灵活性。,519,1
1,"关于税收的基本含义，理解错误的是（  ）。",<p>A:税收的征收主体是国家</p><p>B:税收征收的依据是财产权利</p><p>C:税收的征收目的是满足国家实现其职能的需要</p><p>D:征税的过程是物质财富从私人部门单向地、无偿地转移给国家的过程</p>,4,B,本题考查税收的基本含义。税收征收的依据是法律，凭借的是政治权利，而不是财产权利。,521,1
1,"关于税率的说法中，正确的是（  ）。",<p>A:比例税率是我国运用最广泛的一种税率形式</p><p>B:全额累进税率比超额累进税率累进程度低</p><p>C:在存在大量税前扣除的情况下，名义税率低于实际税率</p><p>D:在比例税率制度下，边际税率低于平均税率</p>,4,A,本题考查税率的类型。全额累进税率计算简便，但是比超额累进税率累进程度高。在存在大量税前扣除的情况下，名义税率高于实际税率。在比例税率制度下，边际税率与平均税率是相同的。,522,1
1,"下列消费品中，适用于定额税率的是（  ）。",<p>A:化妆品</p><p>B:卷烟</p><p>C:黄酒</p><p>D:白酒</p>,4,C,本题考查税率的类型。征收消费税时，啤酒、黄酒和成品油适用于定额税率，白酒、卷烟等应税消费品实行定额税率与比例税率相结合的复合计税。,522,1
1,"下列不属于财产税特点的是（  ）。",<p>A:符合税收的纳税能力原则</p><p>B:税收负担遵循公平性原则</p><p>C:收入弹性较小</p><p>D:征税原则是有财产者纳税，无财产者不纳税</p>,4,B,本题考查财产税的特点。财产税的税收负担存在一定的不公平性，因为纳税人的财富主要评价标准是收入，而不仅仅是财产，尤其是财产中的动产，常常成为隐匿的对象，不动产的估价一般也比较难，征收管理不易掌握。,525,1
1,"税收制度改革的主要内容不包括（  ）。",<p>A:进一步发挥消费税调节功能</p><p>B:加快财产税从价计征改革</p><p>C:加快推进房产税制度改革</p><p>D:加快和改进税收优惠政策设定</p>,4,B,本题考查税收制度改革的主要内容。税收制度改革的主要内容包括：（1）进一步发挥消费税调节功能。（2）加快资源税从价计征改革。（3）加快推进房产税制度改革。（4）建立健全综合与分类相结合的个人所得税制度。（5）加强和改进税收优惠政策设定。（6）完善国税、地税征管体制。,526,1
1,"政府预算分为平衡预算和差额预算的依据是（  ）。",<p>A:预算编制依据的内容和方法</p><p>B:预算编制形式</p><p>C:预算收支平衡状况</p><p>D:预算管理层级分类</p>,4,C,本题考查政府预算的分类。根据预算收支平衡状况分类，政府预算分为平衡预算和差额预算。,527,1
1,"下列不属于深化预算管理制度改革的主要内容的是（  ）。",<p>A:完善政府预算体系</p><p>B:建立跨年度预算平衡机制</p><p>C:建立财政库底余额限额管理制度</p><p>D:建立政府资产报告制度</p>,4,C,本题考查深化预算管理制度改革的主要内容。深化预算管理制度改革的主要内容：（1）建立健全预算编制、执行、监督相互制约、相互协调机制。（2）完善政府预算体系。（3）建立跨年度预算平衡机制。（4）实施中期财政规划管理。（5）全面推进预算绩效管理。（6）建立政府资产报告制度。（7）建立权责发生制的政府综合财务报告制度。（8）建立财政库底目标余额管理制度。（9）推进预算、决算公开。,530,1
1,"典型的代用货币是（  ）。",<p>A:银行券</p><p>B:黄金券</p><p>C:辅币</p><p>D:支票</p>,4,A,本题考查典型的代用货币。典型的代用货币是银行券。,531,1
1,"关于金块本位制和金汇兑本位制的说法中，错误的是（  ）。",<p>A:两种制度都没有金币流通</p><p>B:两种制度实际流通的是纸币，即银行券</p><p>C:两种制度都依附于外国货币制度</p><p>D:两种制度都不铸造货币</p>,4,C,本题考查金块本位制和金汇兑本位制。金汇兑本位制依附于外国货币制度，但金块本位制并不依附于外国货币制度。,532,1
1,"<p>我国货币供应量指标的三个层次中，M<sub>0</sub>指的是（ ）。</p>","<p>A:单位活期存款</p>

<p>B:流通中货币</p>

<p>C:单位定期存款</p>

<p>D:个人存款</p>",4,B,<p>本题考查货币层次。M<sub>0</sub>=流通中货币，M<sub>1</sub>=M<sub>0</sub>+单位活期存款，M<sub>2</sub>=M<sub>1</sub>+单位定期存款+个人存款+其他存款（财政存款除外）。</p>,533,1
1,"商业银行的职能不包括（  ）。",<p>A:信用中介</p><p>B:支付中介</p><p>C:信用创造</p><p>D:信用担保</p>,4,D,本题考查商业银行的职能。商业银行的职能包括信用中介、支付中介和信用创造。,535,1
1,"下列不属于我国的政策性银行的是（  ）。",<p>A:国家开发银行</p><p>B:中国进出口银行</p><p>C:中国农业发展银行</p><p>D:中国建设银行</p>,4,D,本题考查政策性银行。我国相继建立了国家开发银行、中国进出口银行和中国农业发展银行3家政策性银行。,536,1
1,"按金融工具的发行和转让流通的不同，金融市场分为（  ）。",<p>A:一级市场和二级市场</p><p>B:货币市场和资本市场</p><p>C:现货市场、期货市场与期权市场</p><p>D:国内金融市场和国际金融市场</p>,4,A,本题考查金融市场的分类。按金融工具的发行和转让流通的不同，金融市场分为一级市场和二级市场。,538,1
1,"下列属于短期金融工具的是（  ）。",<p>A:国库券</p><p>B:大额可转让定期存单</p><p>C:公司债券</p><p>D:银行本票</p>,4,A,本题考查短期金融工具的种类。公司债券属于长期金融工具。,539,1
1,"关于汇率，下列说法错误的是（  ）。",<p>A:银行的汇率报价通常采用单向报价制</p><p>B:习惯上，汇率报价只写出前一个汇率和后一个汇率的最后两位数字</p><p>C:汇率分析中常用的是中间汇率</p><p>D:在直接标价法下，汇率值升降与本币升贬值反向</p>,4,A,本题考查汇率。银行的汇率报价通常采用双向报价制，即同时报出买入汇率和卖出汇率。,540,1
1,"国际收支平衡表中的金融账户记录的内容不包括（  ）。",<p>A:证券投资</p><p>B:公益投资</p><p>C:直接投资</p><p>D:储备资产</p>,4,B,本题考查金融账户记录的内容。金融账户记录的是一经济体对外资产负债变更的交易，包括直接投资、证券投资、其他投资和储备资产四类。,541,1
1,"下列统计数据的计量尺度中，属于定距尺度的是（  ）。",<p>A:性别</p><p>B:满意度</p><p>C:温度</p><p>D:销售额</p>,4,C,本题考查统计数据的计量尺度。定距尺度是对客观现象类别或次序之间间距的测度。满意度属于定序尺度，性别属于定类尺度，温度属于定距尺度，销售额属于定比尺度。,543,1
1,"关于统计数据的类型，说法错误的是（  ）。",<p>A:分类数据是由定类尺度计量形成的</p><p>B:分类数据和顺序数据说明的是事物的品质特征</p><p>C:对品质数据无法计算出各组的频数或频率</p><p>D:数值型数据可以用更多的统计方法进行处理</p>,4,C,本题考查统计数据的类型。对品质型数据通常可以计算出各组的频数和频率。,544,1
1,"下列指标中，属于不连续调查得到的是（  ）。",<p>A:能源生产总量</p><p>B:耕地面积</p><p>C:经济增长率</p><p>D:固定资产投资额</p>,4,B,本题考查不连续调查。不连续调查是间隔一个相当长的时间（通常是一年以上）所做的调查，一般是为了对总体现象在一定时点上的状态进行研究。生产设备拥有量、耕地面积等数据是通过不连续调查得到的。,546,1
1,"抽样调查最显著的优点是（  ）。",<p>A:经济性</p><p>B:时效性强</p><p>C:适应面广</p><p>D:准确性高</p>,4,A,本题考查抽样调查的特点。经济性是抽样调查的一个最显著优点。,547,1
1,"我国农产量抽样调查常用的统计数据搜集方法是（  ）。",<p>A:采访法</p><p>B:直接观察法</p><p>C:间接观察法</p><p>D:试验设计法</p>,4,B,本题考查统计数据搜集的方法。我国农产量抽样调查常用的统计数据搜集的方法是直接观察法。,548,1
1,"（  ）通常用于反映总体的构成或结构。",<p>A:百分比</p><p>B:比率</p><p>C:比例</p><p>D:总和</p>,4,C,本题考查比例的概念。比例是一个总体中各个部分的数量占总体数量的比重，通常用于反映总体的构成或结构。,550,1
1,"在进行统计分组时，假设分为四组：60以下，60-70,70-80,80-90。按照习惯规定，80这一数值属于（  ）。",<p>A:“70-80”组</p><p>B:“80-90”组</p><p>C:“70-80”或“80-90”任意一组</p><p>D:不归属于任何一组</p>,4,B,本题考查统计分组时的“上组限不在内”原则。为解决“不重”的问题，统计分组时习惯规定“上组限不在内”，即当相邻两组的上下限重叠时，恰好等于某一组上限的观察值不算在内，而计算在下一组内。,551,1
1,"关于众数的描述，错误的是（  ）。",<p>A:众数是指一组数据中出现频数最多的那个数值</p><p>B:众数可用于反映一组数据的集中趋势</p><p>C:众数仅适用于数值型数据</p><p>D:众数不受极端值的影响，抗干扰性强</p>,4,C,本题考查众数的概念。众数不仅适用于品质数据，也适用于数值型数据。,553,1
1,"数据离散程度的测度工具中，易受极端值影响的是（  ）。",<p>A:极差</p><p>B:标准差</p><p>C:离散系数</p><p>D:方差</p>,4,A,本题考查数据离散程度的测度工具。极差仅取决于两个极端值的水平，不能反映其间的变量分布情况，同时易受极端值的影响。,554,1
1,"（  ）的变动直接影响城乡居民的生活支出和国家财政收入，影响居民购买力和市场供需平衡以及消费和积累的比例。",<p>A:零售价格指数</p><p>B:批发价格指数</p><p>C:通货膨胀率</p><p>D:国民生产总值</p>,4,A,本题考查零售价格指数。零售价格指数是反映城乡商品零售价格变动趋势的一种经济指数。它的变动直接影响城乡居民的生活支出和国家财政收入，影响居民购买力和市场供需平衡以及消费和积累的比例。,558,1
1,"关于会计的基本职能，说法错误的是（  ）。",<p>A:核算职能是会计的最基本职能</p><p>B:会计核算职能和会计监督职能一般情况下是独立发挥作用的</p><p>C:会计核算是进行会计监督的基础</p><p>D:会计监督是保证会计核算所提供信息真实性和合法性的保证</p>,4,B,本题考查会计的基本职能。会计核算职能和会计监督职能是相互联系、不可分割的。,559,1
1,"企业进行会计核算的经济业务事项不包括（  ）。",<p>A:款项和有价证券的收付</p><p>B:债权、债务的发生和结算</p><p>C:资本的增减</p><p>D:企业经营计划的制订</p>,4,D,本题考查企业进行会计核算的经济业务事项。企业进行会计核算的经济业务事项主要有：（1）款项和有价证券的收付。（2）财务的收发、增减和使用。（3）债权、债务的发生和结算。（4）资本的增减。（5）收入、支出、费用、成本的计算。（6）财务成果的计算和处理。（7）需要办理会计手续，进行会计核算的其他事项。,559,1
1,"会计确认计量的基本原则不包括（  ）。",<p>A:合理确定会计记账基础</p><p>B:配比原则</p><p>C:重置成本原则</p><p>D:历史成本原则</p>,4,C,本题考查会计确认计量的基本原则。会计确认计量的基本原则包括：（1）合理确定会计记账基础。（2）配比原则。（3）历史成本原则。（4）划分收益性支出与资本性支出原则。,561,1
1,"企业在进行会计核算时，不得多计资产或收益、少计负债或费用，并不得设置秘密准备，这反映了会计信息质量要求中的（  ）。",<p>A:可比性原则</p><p>B:实质重于形式原则</p><p>C:谨慎性原则</p><p>D:及时性原则</p>,4,C,本题考查会计信息质量要求。谨慎性原则要求企业在进行会计核算时，不得多计资产或收益、少计负债或费用，并不得设置秘密准备。,562,1
1,"关于会计要素的计量，说法错误的是（  ）。",<p>A:会计要素计量属性反映的是会计要素金额的确定基础</p><p>B:现值是考虑货币时间价值因素等的一种计量属性</p><p>C:重置成本、可变现净值、现值以及公允价值通常反映的是资产或者负债的现时成本或者现时价值</p><p>D:企业在对会计要素进行计量时，一般应当采用重置成本</p>,4,D,本题考查会计要素的计量。企业在对会计要素进行计量时，一般应当采用历史成本。,563,1
1,"借贷记账法下，所有者权益类账户期末余额的计算公式为（  ）。",<p>A:权益类账户期末借方余额=期初借方余额+本期借方发生额-本期贷方发生额</p><p>B:权益类账户期末借方余额=期初借方余额+本期贷方发生额-本期借方发生额</p><p>C:权益类账户期末贷方余额=期初贷方余额+本期贷方发生额-本期借方发生额</p><p>D:权益类账户期末贷方余额=期初贷方余额+本期借方发生额-本期贷方发生额</p>,4,C,本题考查借贷记账法的会计账户结构。权益类账户期末贷方余额=期初贷方余额+本期贷方发生额-本期借方发生额。,564,1
1,"下列属于原始凭证的是（  ）。",<p>A:款项收据</p><p>B:收款凭证</p><p>C:付款凭证</p><p>D:转账凭证</p>,4,A,本题考查原始凭证的概念。原始凭证是在经济业务最初发生或完成时取得或填制的，用以记录或证明经济业务的发生或完成情况，明确有关经济责任的文字凭据，如销货发票、款项收据等。,566,1
1,"法律规则中有关适用该规则的条件和情况的部分是（  ）。",<p>A:假定条件</p><p>B:行为模式</p><p>C:法律后果</p><p>D:法律条文</p>,4,A,本题考查法律规则的逻辑构成。假定条件是法律规则中有关适用该规则的条件和情况的部分，包括适用条件和主体行为条件。,573,1
1,"我国最高国家权利机关是（  ）。",<p>A:全国人大及其常委会</p><p>B:最高人民法院</p><p>C:国务院</p><p>D:中央军事委员会</p>,4,A,本题考查我国最高国家权利机关。我国最高国家权力机关是全国人大及其常委会。,575,1
1,"关于民法和经济法的区别，说法错误的是（  ）。",<p>A:调整范围不同，有重合，但有区别</p><p>B:主体及主体之间的关系不同</p><p>C:主旨思想不同</p><p>D:调整手段完全不同</p>,4,D,本题考查民法和经济法的区别。民法和经济法的区别在于：（1）调整范围不同，有重合，但有区别。（2）主体及主体之间的关系不同。（3）主旨思想不同。（4）调整手段不完全相同。,576,1
1,"行政许可的特点不包括（  ）。",<p>A:行政许可是依申请的具体行政行为</p><p>B:行政许可具有单方意志性</p><p>C:行政许可是一种授益性行政行为</p><p>D:行政许可存在的前提是法律的一般禁止</p>,4,B,本题考查行政许可的特点。行政许可具有以下特点：（1）行政许可是依申请的具体行政行为。（2）行政许可是一种授益性行政行为。（3）行政许可存在的前提是法律的一般禁止。（4）行政许可一般为要式行政行为。,582,1
1,"我国行政复议基本制度不包括（  ）。",<p>A:两级复议制度</p><p>B:书面复议制度</p><p>C:复议不停止执行制度</p><p>D:被申请人承担举证责任的制度</p>,4,A,本题考查我国的行政复议基本制度。我国行政复议基本制度包括：（1）一级复议制度。（2）书面复议制度。（3）依法复议不调解制度。（4）复议不停止执行制度。（5）被申请人承担举证责任的制度。,583,1
1,"下列属于行政诉讼与其他诉讼制度相同的司法原则的是（  ）。",<p>A:审查行政行为合法性原则</p><p>B:合议制原则</p><p>C:当事人选择复议原则</p><p>D:司法变更权有限原则</p>,4,B,本题考查行政诉讼的基本原则。行政诉讼作为法院主持下的三大诉讼制度之一，与其他诉讼制度具有共同的司法原则，如两审终审制原则、合议制原则等。,584,1
1,"监护人应当履行的监护职责不包括（  ）。",<p>A:保护被监护人的人身、财产及其他合法权益</p><p>B:处置被监护人的财产</p><p>C:担任被监护人的法定代理人</p><p>D:教育和照顾被监护人</p>,4,B,本题考查监护人的职责。监护人应当履行的监护职责包括：（1）保护被监护人的人身、财产及其他合法权益。（2）担任被监护人的法定代理人。（3）教育和照顾被监护人。,586,1
1,"下列属于无效民事法律行为的是（  ）。",<p>A:行为人与相对人以虚假的意思表示实施的民事法律行为</p><p>B:无权处分行为</p><p>C:无权代理行为</p><p>D:无权代表行为</p>,4,A,本题考查无效民事法律行为。无效民事法律行为的类型主要包括：（1）无民事行为能力人进行的民事法律行为以及限制民事行为能力人进行的依法不能独立实施的单方民事法律行为无效。（2）违反法律、行政法规的强制性规定的民事法律行为无效，但是该强制性规定不导致该民事法律行为无效的除外。违背公序良俗的民事法律行为无效。（3）行为人与相对人以虚假的意思表示实施的民事法律行为无效。（4）行为人与相对人恶意串通，损害他人合法权益的民事法律行为无效。,587,1
1,"人民法院接到起诉状后，经审查，认为符合起诉条件的，应当在（  ）日内立案。",<p>A:1</p><p>B:5</p><p>C:7</p><p>D:10</p>,4,C,本题考查第一审普通程序与简易程序。人民法院接到起诉状后，经审查，认为符合起诉条件的，应当在7日内立案。,591,1
1,"下列关于仲裁协议的说法中，错误的是（  ）。",<p>A:仲裁协议应当具备书面形式</p><p>B:仲裁协议当事人可以补充协议</p><p>C:没有仲裁协议，一方当事人申请仲裁的，仲裁机构也应予以受理</p><p>D:仲裁协议是仲裁裁决可以具有强制执行力的前提</p>,4,C,本题考查仲裁协议。仲裁协议是仲裁机构管辖案件的前提，没有仲裁协议，一方当事人申请仲裁的，仲裁机构不予受理。,592,1
2,"一个完善的市场体系应当具备的功能有（  ）。",<p>A:提高资源配置效率功能</p><p>B:经济联系功能</p><p>C:经济结构调整功能</p><p>D:信息产生和传递功能</p><p>E:社会评价功能</p>,5,ABDE,本题考查市场体系的功能。一个完善的市场体系应当具有以下几方面的功能：（1）提高资源配置效率功能。（2）经济联系功能。（3）经济利益关系调整功能。（4）信息产生和传递功能。（5）社会评价功能。,479,1
2,"关于具体劳动和抽样劳动之间存在的矛盾统一的关系，说法正确的有（  ）。",<p>A:具体劳动金额抽象劳动在时间上和空间上是不统一的</p><p>B:具体劳动和抽象劳动不是两次劳动，但是两种劳动</p><p>C:具体劳动是从劳动的用效果来看的劳动，抽样劳动是抽取了劳动的有用性的一般人类劳动</p><p>D:具体劳动在质上不同，在量上不能比较，而抽象劳动在质上相同，只有量的差别</p><p>E:具体劳动是反映人与自然的关系，抽象劳动体现着商品生产者之间的经济关系</p>,5,CDE,本题考查具体劳动和抽象劳动。具体劳动和抽象劳动在时间和空间上是统一的。具体劳动和抽象劳动不是两次劳动，更不是两种劳动，而是生产商品的同一劳动过程的两个不同的方面。,482,1
2,"垄断组织的形式主要有（  ）。",<p>A:卡特尔</p><p>B:寡头</p><p>C:辛迪加</p><p>D:康采恩</p><p>E:资本融合</p>,5,ACD,本题考查垄断组织的形式。垄断组织的形式主要有四种：卡特尔、辛迪加、托拉斯和康采恩。,486,1
2,"公有制经济的主体地位主要体现在（  ）。",<p>A:集体经济在国民经济中占据相对优势</p><p>B:公有资产在社会总资产中占优势</p><p>C:国有经济控制国民经济命脉，对经济发展起主导作用</p><p>D:公有资产在各经济领域中占绝对优势</p><p>E:国有经济在国民经济中的比重逐年上升</p>,5,BC,本题考查社会主义初级阶段的基本经济制度。公有制经济的主体地位主要体现在两个方面：（1）公有资产在社会总资产中占优势。（2）国有经济控制国民经济命脉，对经济发展起主导作用。,490,1
2,"社会主义市场体系的特征包括（  ）。",<p>A:统一性</p><p>B:开放性</p><p>C:公平性</p><p>D:竞争性</p><p>E:规范性</p>,5,ABDE,本题考查社会主义市场体系的基本特征。社会主义市场体系主要具有以下特征：（1）统一性。（2）开放性。（3）竞争性。（4）规范性。,493,1
2,"实现产业结构优化目标的途径包括（  ）。",<p>A:加速科技进步和全面提高劳动者素质</p><p>B:建立适应社会主义市场经济体制的产业结构转换机制</p><p>C:选准主导产业，培育战略产业，强化基础产业</p><p>D:建立起合理的产业间联系</p><p>E:注重发展教育和科学技术普及</p>,5,BC,本题考查产业结构优化目标实现的途径。实现产业结构优化目标的途径包括：（1）建立适应社会主义市场经济体制的产业结构转换机制，充分发挥价值规律、市场机制、宏观调控的作用，推动产业发展和调整。（2）选准主导产业，培育战略产业，强化基础产业。,496,1
2,"在社会主义市场经济条件下，宏观调控的必要性表现在（  ）。",<p>A:社会化大生产的客观要求</p><p>B:生产资料社会主义公有制的要求</p><p>C:社会主义市场经济合理有效运行的需要</p><p>D:促进经济结构优化的需要</p><p>E:使微观经济活动符合宏观经济目标的需要</p>,5,ABCE,本题考查社会主义市场经济宏观调控的必要性。在社会主义市场经济条件下，宏观调控的必要性表现在：（1）社会化大生产的客观要求。（2）生产资料社会主义公有制的要求。（3）社会主义市场经济合理有效运行的需要。（4）使微观经济活动符合宏观经济目标的需要。,499,1
2,"宏观经济调控的目标包括（  ）。",<p>A:保持经济总量平衡和经济结构优化</p><p>B:保持经济适度增长</p><p>C:优化财政支出结构</p><p>D:保持物价总水平的基本稳定</p><p>E:实现充分就业和收入分配水平</p>,5,ABDE,本题考查宏观经济调控的目标。宏观经济调控的目标包括：（1）保持经济总量平衡和经济结构优化。（2）保持经济适度增长。（3）保持物价总水平的基本稳定。（4）实现充分就业和收入分配水平。（5）国际收支平衡。,500,1
2,"党的十九大报告进一步指明了中国特色社会主义新时代我国对外开放的政策方向，即“推动形成全面开放新格局”。这个新格局主要体现在（  ）。",<p>A:突出以“一带一路”为重点</p><p>B:坚持引进来和走出去并重</p><p>C:创新对外投资方式</p><p>D:拓宽对外开放广度和深度</p><p>E:实行更加积极主动的开放战略</p>,5,ABC,本题考查十九大报告。党的十九大报告进一步指明了中国特色社会主义新时代我国对外开放的政策方向，即“推动形成全面开放新格局”。这个新格局主要体现在：（1）突出以“一带一路”为重点。（2）坚持引进来和走出去并重。（3）在拓展对外贸易过程中强调培育贸易新业态、新模式。（4）创新对外投资方式。（5）优化区域开放布局。,504,1
2,"财政实现收入分配职能的机制和手段主要有（  ）。",<p>A:根据市场和政府的职责分工，明确市场和政府对社会收入分配的范围和界限</p><p>B:加强税收调节</p><p>C:实行部门预算制度</p><p>D:引导和调解社会投资方向</p><p>E:加快建立科学完备的财政转移支付制度</p>,5,ABE,本题考查财政实现收入分配职能的机制和手段。财政实现收入分配职能的机制和手段主要有：（1）根据市场和政府的职责分工，明确市场和政府对社会收入分配的范围和界限。（2）加强税收调节。（3）发挥财政转移支付作用。（4）发挥公共支出的作用。,510,1
2,"中央和地方财政事权和支出责任划分改革的主要内容包括（  ）。",<p>A:推进中央与地方财政事权划分</p><p>B:完善中央与地方支出责任划分</p><p>C:兼顾政府职能和行政效率</p><p>D:加快省以下财政事权和支出责任划分</p><p>E:加快建立科学完备的财政转移支付制度</p>,5,ABD,本题考查中央和地方财政事权和支出责任划分改革的主要内容。中央和地方财政事权和支出责任划分改革的主要内容包括：（1）推进中央与地方财政事权划分。（2）完善中央与地方支出责任划分。（3）加快省以下财政事权和支出责任划分。,512,1
2,"财政支出增长的衡量指标有（  ）。",<p>A:财政支出增长率</p><p>B:财政支出增长的弹性系数</p><p>C:使用的财政资金的数量总额</p><p>D:财政支出规模</p><p>E:财政支出增长的边际倾向</p>,5,ABE,本题考查财政支出增长的衡量指标。财政支出增长的衡量指标有：财政支出增长率、财政支出增长的弹性系数和财政支出增长的边际倾向。,514,1
2,"影响财政支出规模的主要因素包括（  ）。",<p>A:经济发展因素</p><p>B:政治因素</p><p>C:经济体制制度因素</p><p>D:市场竞争程度</p><p>E:社会因素</p>,5,ABCE,"本题考查影响财政支出规模的主要因素。影响财政收入规模的主要因素包括： 经济发展因素、政治因素、经济体制制度因素和社会因素。",515,1
2,"按取得收入的依据分类，财政收入可以划分为（  ）。",<p>A:政府财政收入</p><p>B:国有资产收入</p><p>C:经常性收入</p><p>D:临时性收入</p><p>E:地方财政收入</p>,5,AB,本题考查财政收入的分类。按取得收入的依据分类，可将财政收入分为政府财政收入和国有资产收入。,517,1
2,"按课税对象分类，税收分为（  ）。",<p>A:财产税</p><p>B:流转税</p><p>C:从价税</p><p>D:从量税</p><p>E:所得税</p>,5,ABE,本题考查税收的分类。按课税对象分类，税收分为财产税、流转税和所得税。,522,1
2,"与其他税类比较，流转税的特点包括（  ）。",<p>A:课征不具有普遍性</p><p>B:以商品和劳务的流转额或交易额为计税依据</p><p>C:流转税普遍实行比例税率，计算简单，便于征收管理</p><p>D:税源可靠</p><p>E:税负相对比较公平</p>,5,BC,本题考查流转税的特点。与其他税类比较，流转税具有以下特点：（1）课征普遍。（2）以商品和劳务的流转额或交易额为计税依据。（3）除少数税种或税目实行定额税率外，流转税普遍实行比例税率，计算简单，便于征收管理。,523,1
2,"政府预算的职能主要有（  ）。",<p>A:反映政府部门活动或工作状况的职能</p><p>B:监督政府部门收支运作情况的职能</p><p>C:编制和实施预算方案的职能</p><p>D:控制政府部门支出的职能</p><p>E:提高预算支出的效率的职能</p>,5,ABD,本题考查政府预算的职能。政府预算的职能包括：（1）反映政府部门活动和工作状况的职能。（2）监督政府部门收支运作情况的职能。（3）控制政府部门支出的职能。,527,1
2,"下列关于货币制度的构成要素的说法中，正确的是（  ）。",<p>A:规定货币材料是货币制度最基本的内容</p><p>B:货币名称是由各国政府统一规定的</p><p>C:在金属货币流通条件下，价格标准就是铸造单位货币的法定含金量</p><p>D:在当代纸币本位制下，发行银行必须规定发行保证制度</p><p>E:无论是金属本位货币还是纸币本位币，各国货币制度都有“无限法偿”的规定</p>,5,ACE,本题考查货币制度的构成要素。货币名称通常是以习惯形成的。在代用货币形态下，发行银行券和辅币的银行必须建立金属准备制度，以保证其随时兑现。在当代纸币本位制下，大多数国家不再规定发行保证制度。,532,1
2,"影子银行的基本特征包括（  ）。",<p>A:由于其受监管较少，杠杆率较高</p><p>B:由于其受监管较多，杠杆率较低</p><p>C:资金来源受市场流动性影响较小</p><p>D:经营业务比较分散，经营风险相对较小</p><p>E:由于其负债不是存款，不受针对存款货币机构的严格监管</p>,5,AE,本题考查影子银行的基本特征。影子银行的基本特征包括：（1）资金来源受市场流动性影响较大。（2）由于其负债不是存款，不受针对存款货币机构的严格监管。（3）由于其受监管较少，杠杆率较高。,535,1
2,"下列属于现代金融体系构成基本要素的是（  ）。",<p>A:由于货币制度所规范的货币流通</p><p>B:工商企业</p><p>C:金融市场</p><p>D:金融制度和调控机制</p><p>E:交易机制</p>,5,ACD,本题考查构成现代金融体系的基本要素。构成现代金融体系的基本要素有：（1）由货币制度所规范的货币流通。（2）金融中介。（3）金融市场。（4）金融工具。（5）金融制度和调控机制。,537,1
2,"影响汇率变动的主要因素包括（  ）。",<p>A:国际收支</p><p>B:货币供求情况</p><p>C:市场预期</p><p>D:绝对通货膨胀率</p><p>E:货币政策</p>,5,AC,本题考查影响汇率变动的主要因素。影响汇率变动的主要因素有：国际收支、相对通货膨胀率、相对利率、总需求与总供给、市场预期。,540,1
2,"非概率抽样的优点包括（  ）。",<p>A:费用比较高</p><p>B:不需要任何抽样框</p><p>C:快速简便</p><p>D:对探索性研究和调查的设计开发有很大帮助</p><p>E:可以从数量上推断总体</p>,5,BCD,本题考查非概率抽样的优点。非概率抽样的优点有：快速简便，费用相对较低，不需要任何抽样框，对探索性研究和调查的设计开发有很大帮助。,547,1
2,"关于统计表的设计，下列说法正确的是（  ）。",<p>A:使用统计表必须要注明资料来源</p><p>B:表中的数据一般是右对齐</p><p>C:通常情况下，统计表的左右两边要封口</p><p>D:对于没有数字的表格单元，一般用“×”表示</p><p>E:要合理安排统计表的结构</p>,5,ABE,本题考查统计表的设计，通常情况下，统计表的左右两边不封口。对于没有数字的表格单元，一般用“一”表示，一张填好的统计表不应出现空白单元格。,552,1
2,"关于离散系数的描述，错误的是（  ）。",<p>A:离散系数与原变量值的计量单位相同</p><p>B:为消除变量值水平高低和计量单位不同对离散程度测度值的影响，需要计算离散系数</p><p>C:离散系数是测度数据离散程度的绝对指标</p><p>D:离散系数可以用于比较对不同组别数据的离散程度</p><p>E:离散系数越大，说明数据的离散程度也就越大</p>,5,AC,本题考查离散系数。离散系数与原变量值的计量单位不同。离散系数是测度数据离散程度的相对指标。,554,1
2,"下列属于质量指数的有（  ）。",<p>A:产品产量指数</p><p>B:商品销售指数</p><p>C:价格指数</p><p>D:单位成本指数</p><p>E:个体指数</p>,5,CD,本题考查指数的分类。质量指数用于反映事务质量的变动水平，如价格指数、产品成本指数。,555,1
2,"会计的特征包括（  ）。",<p>A:以货币作为主要计量单位</p><p>B:具有一整套区别于其他工作的专门的技术方法</p><p>C:具有核算和监督的基本职能</p><p>D:具有一定程度的主观性</p><p>E:本质是一种经济管理活动</p>,5,ABCE,本题考查会计的特征。会计的特征包括：（1）以货币作为主要计量单位。（2）具有一整套区别于其他工作的专门的技术方法。（3）具有核算和监督的基本职能。（4）本质是一种经济管理活动。,559,1
2,"会计核算的基本前提包括（  ）。",<p>A:会计主体</p><p>B:持续经营</p><p>C:资本性支出</p><p>D:会计分期</p><p>E:货币计量</p>,5,ABDE,本题考查会计核算的基本前提。会计核算的基本前提包括会计主体、持续经营、会计分期和货币计量。,560,1
2,"会计科目的设置原则包括（  ）。",<p>A:合法性原则</p><p>B:相关性原则</p><p>C:可比性原则</p><p>D:实用性原则</p><p>E:对等性原则</p>,5,ABD,本题考查会计科目的设置原则。会计科目的设置原则有：合法性原则、相关性原则和实用性原则。,563,1
2,"会计账簿按照其用途的不同，分为（  ）。",<p>A:序时账簿</p><p>B:分类账簿</p><p>C:数量金额式账簿</p><p>D:备查账簿</p><p>E:活页账簿</p>,5,ABD,本题考查会计账簿的分类。会计账簿按照其用途的不同，可以分为序时账簿、分类账簿和备查账簿三类。,566,1
2,"按清查的范围，财产清查可分为（  ）。",<p>A:全面清查</p><p>B:局部清查</p><p>C:定期清查</p><p>D:不定期清查</p><p>E:随机清查</p>,5,AB,本题考查财产清查的分类。按清查的范围，财产清查可分为全部清查和局部清查。,567,1
2,"马克思主义关于法的本质的论述，可以概括为（  ）。",<p>A:特殊强制性</p><p>B:法的阶级性</p><p>C:法的国家意志性</p><p>D:法的物质制约性</p><p>E:法的普遍性</p>,5,BCD,本题考查法的本质。马克思主义关于法的本质的论述，可以概括为以下方面：（1）法的阶级性。（2）法的国家意志性。（3）法的物质制约性。（4）法的社会规范性。,571,1
2,"关于法律体系、法制体系和法治体系的描述，正确的是（  ）。",<p>A:法律体系、法治体系是相对静态的概念，而法制体系是个动态的概念</p><p>B:在我国的法治建设中，法律体系、法制体系的建设是基础</p><p>C:法治体系的建设必须以完备的法律体系和法制体系为前提</p><p>D:法治体系的“法”包括规范公民行为、社会生活和市场秩序的法</p><p>E:法制是指法律和制度的总称</p>,5,BCE,"本题考查法律体系、法治体系和法制体系。法律体系、法制体系是相对静态的概念，而法治体系是个动态的概念。法治体系的“法”是指规范国家、政府、正常治理行为的法，也就是说， 法治的“法”主要是指约束权利运行的法。",576,1
2,"行政法的特征包括（  ）。",<p>A:行政法部门尚无统一、完整的实体行政法典</p><p>B:行政法涉及的领域十分广泛，内容十分丰富</p><p>C:行政法执法的形式多样化</p><p>D:行政法易于变动，稳定性弱</p><p>E:行政法执行过程中具有一定程度的主观性</p>,5,ABD,本题考查行政法的特征。行政法的特征有：（1）行政法部门尚无统一、完整的实体行政法典。（2）行政法涉及的领域十分广泛，内容十分丰富。（3）行政法易于变动，稳定性弱。,580,1
2,"承担违约责任的方式主要包括（  ）。",<p>A:继续履行</p><p>B:违约损害赔偿</p><p>C:提起诉讼</p><p>D:支付违约金</p><p>E:申请仲裁</p>,5,ABD,本题考查承担违约责任的方式。承担违约责任的方式主要包括继续履行、违约损害赔偿和支付违约金。,589,1
2,"我国民事诉讼法的基本制度包括（  ）。",<p>A:合议制</p><p>B:回避制</p><p>C:公开审判制</p><p>D:逐级审判制</p><p>E:两审终审制</p>,5,ABCE,本题考查民事诉讼法的基本制度。我国民事诉讼法的基本制度包括包括：（1）合议制。（2）回避制。（3）公开审判制。（4）两审终审制。,591,1
1,"下列关于附加税，说法正确的是（  ）。",<p>A:附加税是中央财政收入的来源之一</p><p>B:附加税是正税以外附加征收的税款</p><p>C:附加税是加成征收的简称，是对特定纳税人的一种加税措施</p><p>D:附加税一般是为调节纳税人的过高收入而对特定纳税人加重征税的一种政策措施</p>,4,B,本题考查附加与加成。附加税是正税以外附加征收的税款。附加税是地方财政收入的来源之一。加成是加成征收的简称，是对特定纳税人的一种加税措施，一般是为限制某些经营活动或调节纳税人的过高收入而对特定纳税人加重征税的一种政策措施。,522,1
1,"<p>在我国货币供应指标统计中，不计入广义货币供应量的是（ ）。</p>","<p>A:流通中货币</p>

<p>B:个人存款</p>

<p>C:单位存款</p>

<p>D:财政存款</p>",4,D,<p>本题考查广义货币供应量的概念。广义货币供应量：M<sub>2</sub>=M<sub>1</sub>+单位定期存款+个人存款+其他存款（财政存款除外）。狭义货币供应量：M<sub>1</sub>=M<sub>0</sub>+单位活期存款。M<sub>0</sub>=流通中货币。</p>,533,1
1,"下列（  ）适用于品质数据。",<p>A:算术平均数</p><p>B:中位数</p><p>C:几何平均数</p><p>D:众数</p>,4,D,本题考查集中趋势的测度。众数是一组数据中出现频数最多的那个数值。众数不仅适用于品质数据，也适用于数值型数据。,553,1
1,"下列说法中，错误的是（  ）。",<p>A:资产负债表是反映企业在某一特定日期财务状况的报表</p><p>B:通过资产负债表，可以帮助报表使用者全面了解企业的财务状况</p><p>C:我国企业资产负债表采用报告式</p><p>D:资产负债表主要有报告式和账户式两种格式</p>,4,C,本题考查资产负债表的概念。目前我国企业的资产负债表采用账户式。,569,1
1,"我国财务会计报告年度结账日的编制要求是（  ）。",<p>A:从阴历年度1月1日到12月31日</p><p>B:从阴历年度6月1日到12月31日</p><p>C:从公历年度1月1日到12月31日</p><p>D:从公历年度6月1日到12月31日</p>,4,C,本题考查财务会计报告的编制要求。结账日不得提前或延迟，年度结账日为公历年度每年的12月31日，半年度、季度、月度结账日分别为公历年度每半年、每季每月的最后一天。,570,1
1,"下列选项中，（  ）属于行政主体。",<p>A:人民法院</p><p>B:人民检察院</p><p>C:人民政府</p><p>D:企事业单位</p>,4,C,本题考查行政主体。行政主体是享有国家行政权力，从事行政管理活动的组织。行使立法权的国家权力机关、行使审判权的人民法院、行使检察权的人民检察院以及一般的企事业单位和社会团体均不属于行政主体。,581,1
1,"行政强制包括行政强制措施和行政强制执行，以下属于行政强制执行的是（  ）。",<p>A:扣押财务</p><p>B:查封场所、设施或者财务</p><p>C:限制公民人身自由</p><p>D:加处滞纳金</p>,4,D,本题考查行政强制执行的方式。行政强制执行的方式主要有：（1）加处罚款或者滞纳金。（2）划拨存款、汇款。（3）拍卖或者依法处理查封、扣押的场所、设施或者财务。（4）排除妨碍、恢复原状。（5）代履行。（6）其他强制执行方式。,582,1
1,"党的十九大报告中提出，（  ）是中国特色社会主义的本质要求。",<p>A:开放</p><p>B:协调</p><p>C:绿色</p><p>D:共享</p>,4,D,本题考查中国特色社会主义的本质要求。党的十九大报告进一步提出提出了创新、协调、绿色、开放、共享的新发展理念。创新是引领发展的第一动力，协调是持续健康发展的内在要求，绿色是永续发展的必要条件和人民对美好生活向往的重要体现，开放是国家进一步繁荣发展的必由之路，共享是中国特色社会主义的本质要求。,498,1
1,"下列关于国债依存度，说法正确的是（  ）。",<p>A:国债发行规模与当年财政收入的比率</p><p>B:国债发行规模与当年财政支出的比率</p><p>C:政府历年发行国债尚未偿还的累计余额与当年国内生产总值的比率</p><p>D:当年到期还本付息的国债总额占当年财政收入的比例</p>,4,B,本题考查国债依存度的概念。国债依存度是指国债发行规模与当年财政支出的比率关系，即当年财政支出中有多大份额是依靠发行国债来满足的。,519,1
1,"卷烟的计税方法是（  ）。",<p>A:从价定率</p><p>B:从量定额</p><p>C:扣税法</p><p>D:从价定率和从量定额复合计税方法</p>,4,D,本题考查消费税的计税方法。对白酒和卷烟实行从价定率和从量定额复合计税方法。,523,1
1,"会计最基本的职能是（  ）。",<p>A:核算职能</p><p>B:决策职能</p><p>C:监督职能</p><p>D:管理职能</p>,4,A,本题考查会计的基本职能。会计的基本职能包括进行会计核算和会计监督两个方面。核算职能是会计的最基本职能。,559,1
1,"根据《民法典》，普通诉讼时效的期间为（  ）年。",<p>A:1</p><p>B:2</p><p>C:3</p><p>D:4</p>,4,C,本题考查诉讼时效的种类。我国《民法典》第188条规定了普通诉讼时效的期间为3年。,590,1
1,"从性质上看，当前我国实行的开放型经济政策属于（  ）。",<p>A:制度性开放</p><p>B:政策性开放</p><p>C:阶段性开放</p><p>D:义务性开放</p>,4,A,本题考查开放型经济的性质。开放型经济以降低关税壁垒和提高资本自由流动程度为主，总体上实行中性化政策，是一种制度性开放。,504,1
1,"反映客观现象规模水平的数据必须以（  ）计量。",<p>A:定类尺度</p><p>B:定序尺度</p><p>C:定距尺度</p><p>D:定比尺度</p>,4,C,本题考查统计数据的计量尺度。定距尺度是对客观现象类别或次序之间间距的测度。反映客观现象规模水平的数据必须以定距尺度计量，如产品产量、人口数、国内生产总值等都以定距尺度为计量尺度。,543,1
1,"保持经济总量平衡和经济结构优化，是社会主义经济宏观调控的（  ）。",<p>A:辅助条件</p><p>B:基本目标</p><p>C:前提条件</p><p>D:主要依据</p>,4,B,本题考查社会主义经济宏观调控的目标。社会主义经济宏观调控的基本目标是保持经济问题平衡和经济结构优化。,500,1
1,"下列行政处罚方式中，只能由公安机关决定和执行的是（  ）。",<p>A:吊销执照</p><p>B:行政拘留</p><p>C:责令停产停业</p><p>D:罚款</p>,4,B,本题考查行政处罚方式。行政拘留是指公安机关对违反治安管理法规的人在短期内剥夺其人身自由的一种强制性惩罚措施。行政拘留只能由公安机关决定和执行。,582,1
1,"标准差系数主要用于比较不同组别数据的（  ）。",<p>A:离散程度</p><p>B:集中趋势</p><p>C:偏态</p><p>D:峰度</p>,4,A,本题考查离散系数。离散系数通常是就标准差来计算的，因此也称标准差系数，它是一组数据的标准差与其相应的算术平均数之比，是测度数据离散程度的相对指标。,554,1
1,"下列民事裁定中，当事人不能上诉的是（  ）。",<p>A:驳回起诉裁定</p><p>B:执行终结的裁定</p><p>C:不予受理的裁定</p><p>D:对管辖权有异议的裁定</p>,4,B,本题考查第二审程序。可以上诉的裁定包括：不予受理的裁定、对管辖权有异议的裁定以及驳回起诉裁定。第二审法院的判决、裁定是终审的判决、裁定，当事人不得再上诉。,591,1
1,"下列民事权利中，属于用益物权的是（  ）。",<p>A:留置权</p><p>B:地役权</p><p>C:质权</p><p>D:抵押权</p>,4,B,本题考查用益物权的概念。用益物权是指非所有人对他人之物所享有的占有、使用、收益的排他性的权利。地役权、宅基地使用权、土地承包经营权等属于用益物权。,589,1
1,"从允许扣税的范围来看，“生产型”增值税（  ）。",<p>A:允许扣除固定资产折旧</p><p>B:允许扣除购入固定资产中所含的税款</p><p>C:不允许扣除固定资产中所含的税款</p><p>D:不允许扣除固定资产折旧</p>,4,C,本题考查增值税的类型。“生产型”增值税，即不允许扣除固定资产中所含的税款，这种类型增值税从全社会看，课税对象相当于国民生产总值，故称为“生产型”增值税。,523,1
1,"关于基金和基金管理公司的说法，错误的是（  ）。",<p>A:基金是一种间接的投资方式</p><p>B:基金管理公司一般不投资股票或债券</p><p>C:基金包括封闭式基金和开放式基金</p><p>D:基金管理公司通过发行基金单位集中投资者的资金</p>,4,B,本题考查基金和基金管理公司。基金管理公司通过发行基金单位集中投资者的资金，由基金托管人（即具有资格的银行）托管，由基金管理人管理和运用资金，从事股票、债券等金融工具投资，然后共担投资风险、分享收益。,535,1
1,"提供公平服务是财政的基本特征之一，下列对这一特征理解错误的是（  ）。",<p>A:财政公平包括起点公平、过程公平和结果公平</p><p>B:经济能力或支付能力不同的人应该缴纳不同的税收，体现财政收入结构的横向公平</p><p>C:为确保政府提供公平服务，财政支出必须致力于全体公民的基本公共服务均等化</p><p>D:转移支付制度的设计上考虑区域间和城乡间的发展差距体现了财政体制选择的公平性</p>,4,B,本题考查财政的基本特征之提供公平服务。经济能力或支付能力不同的人应该缴纳不同的税收，体现财政收入结构的纵向公平。,509,1
1,"自然人的民事权利能力始于出生，自然人的出生时间以（  ）记载的时间为准。",<p>A:出生证明</p><p>B:身份证登记</p><p>C:个人档案</p><p>D:户籍登记</p>,4,A,本题考查自然人的民事权利能力。自然人的民事权利能力始于出生，终于死亡。自然人的出生时间和死亡时间，以出生证明、死亡证明记载的时间为准。,547,1
1,"在任何社会的经济活动中，促进生产力发展的重要前提是（  ）。",<p>A:理顺分配关系</p><p>B:扩大市场范围</p><p>C:调整消费结构</p><p>D:合理配置资源</p>,4,D,本题考查社会资源配置方式与经济体制。合理配置社会资源是社会经济活动的中心问题，是生产力发展的重要前提。,481,1
1,"关于货币制度的说法，正确的是（  ）。",<p>A:规定货币的发行保证制度是货币制度最基本的内容</p><p>B:世界各国的货币量是有限法偿</p><p>C:在纸币本位制下，国家不再规定货币的含金量</p><p>D:主币主要是供小额零星交易和找零使用</p>,4,C,本题考查货币制度。在不兑现的信用货币流通条件下，国家不再规定单位货币的含金量，纸币成为流通中商品价值的符号，纸币币值以流通中商品的价值为基础，这就是目前世界各国所普遍实行的纸币本位制。,532,1
1,"在货币的实际购买力不变的情况下，计算的利率是（  ）。",<p>A:固定利率</p><p>B:官方利率</p><p>C:名义利率</p><p>D:实际利率</p>,4,D,本题考查利率的种类。实际利率等于名义利率减去通货膨胀率，是扣除通货膨胀因素，或者是在货币的实际购买力不变的情况下计算的利率，它可以衡量发生通货膨胀时的真实收益。,539,1
1,"一组数据分为“100-200”“200-300”“300-400”“400-500”“500-600”，500应该算做（  ）这一组中。",<p>A:“500-600”</p><p>B:“400-500”</p><p>C:“200-300”</p><p>D:“300-400”</p>,4,A,本题考查数据的分组。为解决“不重”的问题，统计分组时习惯规定“上组限不在内”，即当相邻两组的上下限重叠时，恰好等于某一组上限的观察值不算在本组内，而计算在下一组内。,551,1
1,"根据《中华人民共和国公司法》，股份有限公司的股东以（  ）为限对公司承担责任。",<p>A:对公司的出资额</p><p>B:家庭全部财产</p><p>C:认购的股份</p><p>D:全部财产</p>,4,A,本题考查股份有限公司。根据《中华人民共和国公司法》，股份有限公司的股东以对公司的出资额为限对公司承担责任，公司以其全部财产对公司债务承担责任。,494,1
1,"2018年上学期，某大学经济学专业20名学生成绩（单位：分），数据如下：49  52  52  59  60  63  70  72  72  80  81  81  85  85  85  85  85  89  90  93 这组数据的中位数和众数分别是（  ）分。",<p>A:80、81</p><p>B:80.5、93</p><p>C:80.5、85</p><p>D:80、80</p>,4,C,本题考查中位数和众数。众数是一组数据中从从出现频数最多的那个数值。把一组数据按从小到大顺序进行排列，位置剧中的数值叫作中位数。,553,1
1,"关于金融市场的说法，正确的是（  ）。",<p>A:票据市场属于资本市场</p><p>B:长期债券市场属于货币市场</p><p>C:二级市场上的交易只能采取交易所场内交易</p><p>D:某企业通过定向发行方式发行股票的市场是一级市场</p>,4,D,本题考查金融市场的分类。按金融工具的发行和转让流通的不同，金融市场分为一级市场和二级市场。一级市场是指通过金融工具的发行来融通资金的市场。二级市场是买卖、转让已发行金融工具的市场。,538,1
1,"下列统计误差中，属于登记性误差的是（  ）。",<p>A:抽样时没有遵循随机原则造成的误差</p><p>B:有意瞒报造成的误差</p><p>C:样本容量不足造成的误差</p><p>D:样本结构与总体机构存在差异造成的误差</p>,4,B,本题考查统计数据的误差。登记性误差是调查过程中由于调查者或被调查者的人为因素造成的误差。A、C、D三项属于代表性误差。,549,1
1,"企业的会计核算方法和程序前后各期应当保持一致，不得随意变更，这属于会计信息质量要求中的（  ）。",<p>A:可比性</p><p>B:可靠性</p><p>C:清晰性</p><p>D:谨慎性</p>,4,A,本题考查会计信息质量要求。可比性要求同一企业不同时期发生的相同或者相似的交易或者事项，必须采用一致的会计政策，企业的会计核算方法和程序前后各期应当保持一致，不得随意变更。,562,1
1,"下列关于中央银行的说法，错误的是（  ）。",<p>A:中央银行是银行的银行</p><p>B:中央银行只负责宏观调控，不提供金融服务</p><p>C:制定和执行货币政策是中央银行的主要职能</p><p>D:中央银行具有国家行政管理机关和银行的双重性质</p>,4,B,本题考查中央银行的概念。中央银行的职能包括：（1）制定和执行货币政策。（2）维护金融稳定。（3）提供金融服务。,535,1
1,"下列会计科目中，属于资产的是（  ）。",<p>A:应收账款</p><p>B:短期借款</p><p>C:应交税费</p><p>D:应付账款</p>,4,A,本题考查会计科目。应收票据、应收利息、应收股利、应收账款等属于资产类科目。,563,1
1,"人民法院审理民事案件，应当保障和便利当事人行使诉讼权利，对当事人在适用法律上一律平等，这是指（  ）原则。",<p>A:对等</p><p>B:同等</p><p>C:平等</p><p>D:公平</p>,4,C,本题考查民事诉讼法的基本原则。民事诉讼法的基本原则之一是当事人诉讼权利平等原则。《民事诉讼法》第8条规定：民事诉讼当事人有平等的诉讼权利。人民法院审理民事案件，应当保障和便利当事人行使诉讼权利，对当事人在适用法律上一律平等。,591,1
1,"会计的本质是（  ）。",<p>A:一种监督的方法</p><p>B:一种专门的技术方法</p><p>C:一种报告标准</p><p>D:一种经济管理活动</p>,4,D,本题考查会计的本质。会计的本质是一种经济管理活动。其主要以提供财务信息的方式参与管理，参与决策，对各项经济业务的过程和结果进行确认、计量、报告和监督。,559,1
1,"我国在社会主义初级阶段必须坚持和完善按劳分配为主体，各种生产要素按（  ）参与分配，多种分配方式并存的收入分配制度。",<p>A:贡献</p><p>B:顺序</p><p>C:规模</p><p>D:数量</p>,4,A,本题考查社会主义初级阶段的收入分配制度。我国在社会主义初级阶段必须坚持和完善按劳分配为主体，各种生产要素按贡献参与分配，多种分配方式并存的收入分配制度。,490,1
1,"企业在计量会计要素时，一般应采用（  ）。",<p>A:历史成本</p><p>B:重置成本</p><p>C:公允价值</p><p>D:现值</p>,4,A,本题考查会计要素的计量。企业在对会计要素进行计量时，一般应当采用历史成本。,563,1
1,"通过外汇储备的变动或临时向外借款抵销超额外汇供求以调节国际收支是指（  ）。",<p>A:汇率政策</p><p>B:直接管制措施</p><p>C:外汇缓冲政策</p><p>D:货币政策</p>,4,C,本题考查国际收支调节政策。外汇缓冲政策是指通过外汇储备的变动或临时向外借款抵销超额外汇供求以调节国际收支。,541,1
1,"关于金融中介的说法，错误的是（  ）。",<p>A:中央银行处于金融中介体系的中心环节</p><p>B:通常所说的金融机构属于金融中介</p><p>C:金融中介主要包括银行类金融机构和非银行类金融机构</p><p>D:金融中介只是中间方，不参与金融活动</p>,4,D,本题考查金融中介的定义。金融中介又称金融机构，是在信用关系中，插在借者（债务人）和贷者（债权人）之间的第三方。也就是说，金融中介既从贷者手中借钱，又贷放给借者，既拥有对借者的债权，也向贷者发行债权，从而成为金融活动的一方当事人。,535,1
1,"关于对账的说法，错误的是（  ）。",<p>A:对账应当做到账证相符、账账相符、账实相符</p><p>B:银行存款日记账与银行对账单一般至少3个月核对一次</p><p>C:对账就是针对账簿、账户记录的正确的与否所进行的核对工作</p><p>D:账账核实是指核对不同会计账簿之间的账簿记录是否相符</p>,4,B,本题考查对账的概念。银行存款日记账与银行对账单一般至少1个月核对一次。,566,1
1,"规定了一国经济体制模式的社会经济本质的是（  ）。",<p>A:国际政治经济环境</p><p>B:经济制度的性质</p><p>C:国家经济发展战略</p><p>D:历史文化传统</p>,4,B,本题考查经济体制与经济制度。生产力的发展水平是决定经济体制模式的最终根据，经济制度的性质规定了一国经济体制模式的社会经济本质，社会经济活动方式制约着经济体制的运行机制及调控方式，一个国家的历史文化传统和现实国情决定着经济体制的各种基本要素及其相互关系。,481,1
1,"我国现行的统计制度采用的搜集第一手统计数据的方法是（  ）。",<p>A:直接观察法</p><p>B:报告法</p><p>C:采访法</p><p>D:网络调查法</p>,4,B,本题考查统计数据搜集的方法。我国现行的统计制度采用的搜集第一手统计数据的方法是报告法。,548,1
1,"记账后发现记账凭证填写的会计科目金额少了，应采用（  ）。",<p>A:替换更正法</p><p>B:划线更正法</p><p>C:红字更正法</p><p>D:补充登记法</p>,4,D,本题考查错账更正方法。记账后发现记账凭证填写的会计科目无误，只是所记金额小于应记金额时，采用补充登记法。,566,1
1,"货币政策的核心是通过变动货币供应量来调节（  ）。",<p>A:居民收入水平</p><p>B:财政支出水平</p><p>C:社会总供给和总需求</p><p>D:价格总水平</p>,4,C,本题考查货币政策的核心。货币政策的核心是通过变动货币供应量来调节社会总供给和总需求。,501,1
1,"狭义的基本公共服务范围，一般包括（  ）。",<p>A:通信</p><p>B:环境保护</p><p>C:交通</p><p>D:医疗卫生</p>,4,D,本题考查基本公共服务范围的概念。狭义的基本公共服务范围，一般包括保障基本民生需求的公共教育、劳动就业、社会保障、医疗卫生、计划生育、住房保障、文化体育等领域的公共服务。,509,1
1,"在人类社会经济制度演变的各个阶段都起作用的经济规律是（  ）。",<p>A:价值规律</p><p>B:按劳分配规律</p><p>C:剩余价值规律</p><p>D:生产关系一定要适应生产生产力性质的规律</p>,4,D,本题考查社会经济规律。生产关系一定要适应生产力性质的规律是在人类各个社会阶段中都起作用的经济规律。,476,1
1,"关于商品生产过程中抽象劳动的说法，正确的是（  ）。",<p>A:抽象劳动体现劳动的自然属性</p><p>B:抽象劳动形成商品的使用价值</p><p>C:抽象劳动体现的是商品生产者之间的社会经济关系</p><p>D:生产不同商品的抽象劳动是不同的</p>,4,C,本题考查具体劳动和抽象劳动。抽象劳动形成商品价值，凝结在商品中的抽象劳动是价值实体，体现的是商品生产者之间的社会经济关系。,482,1
1,国有资产收益是指国家凭借国有资产所有权获得的收入的总称，以下（）可算作国有资产收益。,<p>A:财政收入</p><p>B:股息</p><p>C:出卖公产收入</p><p>D:债务收入</p>,4,B,本题考查财政收入的形式。国有资产收益是指国家凭借国有资产所有权获得的利润、租金、股息、红利、资金使用费等收入的总称。,517,1
1,"下列抽样调查方法中，快捷简便、不需要任何抽样框的是（  ）。",<p>A:分层抽样</p><p>B:整群抽样</p><p>C:简单随机抽样</p><p>D:偶遇抽样</p>,4,D,本题考查抽样调查。非概率抽样的优点是：快速简便，费用相对较低，不需要任何抽样框，对探索性研究和调查的设计开发有很大帮助。非概率抽样的主要类型有偶遇抽样、判断抽样、配额抽样、滚雪球抽样等。,547,1
1,"下列统计指标中，属于总量指标的是（  ）。",<p>A:人均国民生产总值</p><p>B:财政收入</p><p>C:人口增长率</p><p>D:物价指数</p>,4,B,本题考查统计指标及其类型。总量指标是反映客观现象总体规模的统计指标，通常以绝对数的形式来表现，因此又称为绝对数，如土地面积、国内生产总值、财政收入等。,545,1
1,"根据我国的三次产业分类法，下列产业属于第二产业的是（  ）。",<p>A:建筑业</p><p>B:邮电通信业</p><p>C:农业</p><p>D:房地产业</p>,4,A,本题考查第三次产业分类法。第一产业为农业、林业、畜牧业和渔业。第二产业为工业和建筑业。第三产业为服务业。,496,1
1,"经济增长方式是指（  ）。",<p>A:宏观调控的主要方式</p><p>B:经济发展的决策方式</p><p>C:经济发展的目标形式</p><p>D:资源的总体配置方式</p>,4,D,本题考查经济增长方式的概念。经济增长方式是指资源的总体配置方式，即决定经济增长的各种要素的组合方式及各种要素组合起来推动经济增长的方式。,498,1
1,"财政配置社会资源的机制和手段包括（  ）。",<p>A:建立社会保障制度</p><p>B:建立国库集中收付制度</p><p>C:改革公债制度</p><p>D:发挥公共支出的作用</p>,4,B,本题考查财政配置社会资源的机制和手段。财政配置社会资源的机制和手段之一是通过实行部门预算制度、建立国库集中收付制度和绩效评价制度等体制、机制改革，提高财政自身管理和运营效率。,510,1
1,"商品经济产生和发展的一般基础是（  ）。",<p>A:私有制产生</p><p>B:科技进步</p><p>C:国家产生</p><p>D:社会分工</p>,4,D,本题考查商品经济的产生和发展。商品经济的产生和发展是以一定的经济条件为前提的，这些经济条件主要有：（1）社会分工。（2）生产资料和劳动产品属于不同的所有者，存在具有独立经济利益的经济实体。社会分工是商品经济产生和发展的一般基础。,478,1
1,"关于货币供应量，说法正确的是（  ）。",<p>A:存款是商业银行的资产</p><p>B:货币供应量包括现金和存款</p><p>C:通常所说的广义的货币供应量是流通中货币和单位活期存款</p><p>D:现金是中央银行的资产</p>,4,B,本题考查货币供给机制。货币供应量包括现金和存款，其中现金是中央银行的负债，存款是商业银行的负债。通常所说的狭义货币供应量是流通中货币和单位活期存款。,533,1
1,"关于货币形态的说法，错误的是（  ）。",<p>A:代用货币是实物货币的价值符号，可按实物货币的额定价值流通</p><p>B:实用货币本身具有相应的价值和特定的使用价值</p><p>C:金属货币属于实物货币的初级阶段</p><p>D:银行券是典型的代用货币</p>,4,C,本题考查货币形态的演变。实物货币的流通分为两个阶段：一是初级阶段，为非金属的实物货币流通阶段；二是高级阶段，为金属的实物货币流通阶段。,532,1
1,"优化财政支出结构是要正确安排财政支出中的（  ）的比例，合理安排财政投资支出的规模和结构，贯彻国家产业政策，保证重点建设资金需要。",<p>A:生产性支出和购买性支出</p><p>B:投资性支出和生产性支出</p><p>C:转移性支出和引导性支出</p><p>D:消费性支出和投资性支出</p>,4,D,本题考查财政的基本职能。优化财政支出结构是要正确安排财政支出中的购买性支出和转移性支出的比例、消费性支出和投资性支出的比例，合理安排财政投资支出的规模和结构，贯彻国家产业政策，保证重点建设资金需要。,510,1
1,"中央一般公共预算具体包括一般公共收入预算、（  ）和中央一般公共赤字及国债余额限额预算。",<p>A:中央部门预算</p><p>B:地方预算</p><p>C:一般公共支出预算</p><p>D:中央国有经营预算</p>,4,C,本题考查中央一般公共预算。中央一般公用预算具体包括一般公共收入预算、一般公共支出预算和中央一般公共赤字及国债余额限额预算。,528,1
1,"个人所得税的纳税人，分为（  ）。",<p>A:居民个人和非居民个人</p><p>B:居民纳税人和非居民纳税人</p><p>C:居民自然人和非居民自然人</p><p>D:公民个人和非公民个人</p>,4,A,本题考查个人所得税的纳税人。个人所得税的纳税人，分为居民个人和非居民个人。,524,1
1,"下列关于行政法律关系的说法中，错误的是（  ）。",<p>A:行政法律关系是指受行政法律规范调控的因行政活动而形成或产生的各种权利义务关系</p><p>B:行政法律关系是行政法调整的客体</p><p>C:行政法律关系主体包括行政主体和行政相对人</p><p>D:行政法律关系的内容是行政法律关系主体在行政法上的权利和义务的总和</p>,4,B,本题考查行政法律关系。行政法律关系是行政法调整的结果，行政关系是行政法调整的对象。,580,1
1,"下列关于行政复议基本制度的说法中，错误的是（  ）。",<p>A:对复议决定不服的，可以再向复议机关的上一级行政机关申请复议</p><p>B:我国的行政复议是以书面复议为基本的方式，以其他方式为补充</p><p>C:申请人申请停止执行，行政复议机关认为其要求合理的，可以决定停止执行</p><p>D:被申请人承担对具体行政行为合法性和适当性的举证责任</p>,4,A,本题考查行政复议基本制度。对复议决定不服的，只能依法向人民法院提起行政诉讼，不得再向复议机关的上一级行政机关申请复议，法律、行政法规另有规定的除外。,583,1
1,"行政诉讼的基本原则不包括（  ）。",<p>A:当事人选择复议原则</p><p>B:审查行政行为合法性原则</p><p>C:行政诉讼适用调解原则</p><p>D:司法变更权有限原则</p>,4,C,本题考查行政诉讼的基本原则。行政诉讼的基本原则包括：（1）当事人选择复议原则。（2）审查行政行为合法性原则。（3）行政行为不因诉讼而停止执行原则。（4）行政诉讼原则上不适用调解原则。（5）司法变更权有限原则。（6）被告行政主体负举证责任原则。,584,1
1,"利害关系人可以向人民法院申请宣告自然人死亡的情形有（  ）。",<p>A:自然人下落不明满2年的</p><p>B:自然人下落不明满4年的</p><p>C:因意外事件下落不明满1年的</p><p>D:因战争下落不明满1年的</p>,4,B,本题考查宣告自然人死亡的情形。利害关系人可以向人民法院申请宣告自然人死亡的情形有：自然人的下落不明满4年的；因意外事件下落不明满2年的。,586,1
1,"承担民事违约责任的方式不包括（  ）。",<p>A:罚款</p><p>B:继续履行</p><p>C:违约损害赔偿</p><p>D:支付违约金</p>,4,A,本题考查承担民事违约责任的方式。承担民事违约责任的方式包括继续履行、违约损害赔偿和支付违约金。这些承担民事违约责任的方式，既可以单独适用，也可以合并适用。,589,1
1,"下列关于民事诉讼法的基本制度的说法中，错误的是（  ）。",<p>A:合议庭由3个以上的单数的审判人员组成</p><p>B:与本案有利害关系的审判人员必须回避</p><p>C:离婚案件的审理过程和宣判一律不公开</p><p>D:最高人民法院所做的一审判决、裁定，为终审判决、裁定，当事人不得上诉</p>,4,C,本题考查民事诉讼法的基本制度。离婚案件、涉及商业秘密的案件，当事人申请不公开审理的，可以不公开审理。无论是公开审理的案件，还是不公开审理的案件，宣判时一律公开。,591,1
1,人民法院适用简易程序审理的案件，应当在立案之日起（）个月内审结。,<p>A:1</p><p>B:3</p><p>C:4</p><p>D:6</p>,4,B,本题考查简易程序。人民法院适用简易程序审理的案件，应当在立案之日起3个月内审结。,591,1
1,"下列关于仲裁协议的说法中，错误的是（  ）。",<p>A:当事人达成有效的仲裁协议后，一方向人民法院起诉的，人们法院也应予以受理</p><p>B:仲裁协议是仲裁裁决可以具有强制执行力的前提</p><p>C:以口头方式订立的仲裁协议无效</p><p>D:当事人对仲裁协议的效力有异议的，应当在仲裁庭首次开庭前提出</p>,4,A,本题考查仲裁协议。当事人达成仲裁协议，一方向人民法院起诉的，人民法院不予受理，但仲裁协议无效的除外。,592,1
2,"我国积累基金包括（  ）。",<p>A:扩大生产基金</p><p>B:非生产性基本建设基金</p><p>C:社会后备基金</p><p>D:国家积累基金</p><p>E:社会保障基金</p>,5,ABC,本题考查社会主义积累基金的构成。在社会主义经济建设中，积累基金是由扩大生产基金、非生产性基本建设基金和社会后备基金三部分构成的。,497,1
2,"经济全球化已经成为当前不可逆转的趋势，具体包括（  ）。",<p>A:科技全球化</p><p>B:生产全球化</p><p>C:教育全球化</p><p>D:贸易全球化</p><p>E:金融全球化</p>,5,BDE,本题考查经济全球化的类型。经济全球化可以具体划分为贸易全球化、生产全球化和金融全球化。,503,1
2,"下列金融工具中，属于衍生金融工具的有（  ）。",<p>A:货币互换</p><p>B:股票</p><p>C:银行汇票</p><p>D:利率期货</p><p>E:货币期货</p>,5,ADE,本题考查衍生金融工具的种类。衍生金融工具的种类主要有：（1）期货（货币期货、利率期货、股票指数期货）和期权。（2）互换（期限互换、利率互换、货币互换）。,539,1
2,"经济普查分别在每逢末尾数字为（  ）的年份实施。",<p>A:6</p><p>B:5</p><p>C:0</p><p>D:3</p><p>E:8</p>,5,DE,本题考查经济普查的时间。经济普查每10年进行两次，分别在每逢年份的末尾数字为3、8的年份实施。,547,1
2,"中国特色法治体系，包括（  ）。",<p>A:完备的法律规范体系</p><p>B:高效的法治实施体系</p><p>C:完善的企业规章体系</p><p>D:严密的法治监督体系</p><p>E:有力的法治保障系统</p>,5,ABDE,本题考查中国特色法治体系的内涵。中国特色法治体系包括：（1）完备的法律规范体系。（2）高效的法治实施体系。（3）严密的法治监督体系。（4）有力的法治保障体系。（5）完善的党内法规体系。,579,1
2,"监护人的监护职责包括（  ）。",<p>A:担任被监护人的法定代理人</p><p>B:照顾被监护人</p><p>C:保护被监护人人身、财产和其他权益</p><p>D:教育被监护人</p><p>E:处分被监护人的财产</p>,5,ABCD,本题考查监护人的监护职责。监护人的监护职责有：（1）保护被监护人人身、财产及其他合法权益。（2）担任被监护人的法定代理人。（3）教育和照顾被监护人。,586,1
2,"企业的会计报表包括（  ）。",<p>A:利润表</p><p>B:资产负债表</p><p>C:现金流量表</p><p>D:所有者权益变动表</p><p>E:资产清查表</p>,5,ABCD,本题考查企业的会计报表。对于企业来说，会计报表包括资产负债表、利润表、现金流量表、所有者权益变动情况表以及相关附表。,569,1
2,"根据我国的登记立案制度，下列行为中应不予登记立案的有（  ）。",<p>A:危害国家安全的</p><p>B:破坏国家统一和民族团结的</p><p>C:破坏国家宗教政策的</p><p>D:涉及危害国家主权和领土完整的</p><p>E:涉及公益诉讼的</p>,5,ABCD,本题考查不予登记立案的情形。人民法院对下列起诉、自诉不予登记立案：（1）违法起诉或者不符合法律规定的。（2）涉及危害国家主权和领土完整的。（3）危害国家安全的。（4）破坏国家统一和民族团结的。（5）破坏国家宗教政策的。（6）所诉事项不属于人民法院主管的。,591,1
2,"2015我国政府提出“一带一路”倡议后，积极发展与沿线国家的经济合作伙伴关系，共同打造政治互信、经济融合、文化包容的（  ）。",<p>A:命运共同体</p><p>B:利益共同体</p><p>C:政治共同体</p><p>D:责任共同体</p><p>E:经济共同体</p>,5,ABD,"本题考查经济全球化背景下我国的涉外经济管理 。2015年我国政府提出“一带一路”倡议后，积极发展与沿线国家的经济合作伙伴关系，共同打造政治互信、经济融合、文化包容的利益共同体、命运共同体和责任共同体。",505,1
2,"为了顺应经济全球化这一历史潮流，“一带一路”秉承的基本原则有（  ）。",<p>A:发展</p><p>B:平衡</p><p>C:共赢</p><p>D:合作</p><p>E:和平</p>,5,ACDE,"本题考查经济全球化背景下我国的涉外经济管理。为了顺应经济全球化这一历史潮流， 秉承和平、发展、合作、共赢的基本原则，进一步推动我国经济和跨区域乃至世界经济的健康发展，2015年我国政府提出了“一带一路”倡议。",505,1
2,"会计项目的设置原则包括（  ）。",<p>A:可靠性原则</p><p>B:合法性原则</p><p>C:重要性原则</p><p>D:相关性原则</p><p>E:实用性原则</p>,5,BDE,本题考查会计项目的设置原则。会计项目的设置原则有：（1）合法性原则。（2）相关性原则。（3）实用性原则。,563,1
2,"下列银行职能中，（  ）属于商业银行的职能。",<p>A:支付中介</p><p>B:信用中介</p><p>C:金融稳定</p><p>D:金融调控</p><p>E:信用创造</p>,5,ABE,本题考查商业银行的职能。商业银行的主要职能是：（1）信用中介。（2）支付中介。（3）信用创造。,535,1
2,"下列会计要素中，（  ）属于静态会计要素。",<p>A:资产</p><p>B:收入</p><p>C:费用</p><p>D:利润</p><p>E:负债</p>,5,AE,本题考查会计要素。资产、负债和所有者权益是反映企业财务状况的会计要素，也称为静态会计要素，资产、负债及所有者权益构成资产负债表的基本框架。,563,1
2,"下列统计工作中，（  ）属于统计工作基本职能。",<p>A:统计监督</p><p>B:统计理论研究</p><p>C:统计整理</p><p>D:统计分析</p><p>E:统计调查</p>,5,ACDE,本题考查统计工作的基本职能。统计工作的基本职能有：（1）统计监督。（2）统计整理。（3）统计分析。（4）统计调查。（5）提供统计资料和咨询。,542,1
2,"合理确定纳税环节，对于（  ）等具有重要意义。",<p>A:完善税收体系</p><p>B:均衡税负</p><p>C:减轻税负</p><p>D:便利征税</p><p>E:调整税制结构</p>,5,ABDE,本题考查税制要素。合理确定纳税环节，对于调整税制结构、完善税收体系、控制税源、均衡税负、便利征税和纳税等具有重要意义。,522,1
2,根据《中华人民共和国民法总则》，以下（）行为属于无权代理。,<p>A:超越代理权的代理行为</p><p>B:代理权终止后代理行为</p><p>C:一方或者第三人以胁迫为手段，使对方在违背真实意思的情况下实施的民事法律行为</p><p>D:一方以诈骗手段，使对方在违背真实意思的情况下实施的民事法律行为</p><p>E:没有代理权的代理行为</p>,5,ABE,本题考查无权代理。无权代理是指行为人不具有代理权而以他人名义实施的代理行为。无权代理包括以下几种情况：（1）没有代理权的代理行为。（2）超越代理权的代理行为。（3）代理权终止后代理行为。,588,1
2,"关于商品经济与市场经济，说法正确的是（  ）。",<p>A:商品经济的充分发展必然过渡到市场经济</p><p>B:商品经济是市场经济存在和发展的前提</p><p>C:商品经济是市场经济发展的必然要求</p><p>D:市场经济是商品经济存在和发展的前提</p><p>E:商品经济是发达的市场经济</p>,5,AB,本题考查商品经济与市场经济的联系与区别。市场经济是商品经济发展的必然要求，商品经济是市场经济存在和发展的基础和前提，市场经济是发达的商品经济。,480,1
2,"财政调节社会投资需求水平的机制和手段主要有（  ）。",<p>A:税收</p><p>B:财政补贴</p><p>C:利率</p><p>D:财政贴息</p><p>E:公债</p>,5,ABDE,本题考查财政调节社会投资需求水平的机制和手段。财政通过税收、财政补贴、财政贴息、公债等，调节社会投资需求水平，影响就业水平，使经济保持一定的增长；通过财政直接投资，调节社会经济结构，调节社会有效供给能力。,510,1
2,"按照构成，利润可分为（  ）。",<p>A:净利润</p><p>B:利润总额</p><p>C:营业利润</p><p>D:其他利润</p><p>E:营业外利润</p>,5,ABC,本题考查利润的分类。利润按照构成，可分为营业利润、利润总额和净利润。,563,1
2,"关于典型调查的税法，正确的有（  ）。",<p>A:典型调查的结果不能判断总体的数量特征</p><p>B:典型调查根据一定概率选取调查单位</p><p>C:典型调查在一定条件下可以验证全面调查数据的真实性</p><p>D:典型调查可以弥补全面调查的不足</p><p>E:典型调查有意识选取若干有代表性的单位进行调查</p>,5,CDE,本题考查典型调查的概念。典型调查是一种非全面调查，它是根据调查的目的和要求，在对被调查对象进行全面分析的基础上，有意识地选择若干具有典型意义的或有代表性的单位进行调查。典型调查的单位不是随机抽取的，具有一定的主观性，其调查结果不能推断总体。,547,1
2,"按财政收入来源和性质分类，可以分为（  ）。",<p>A:财政补贴</p><p>B:返还性收入</p><p>C:专项转移支付收入</p><p>D:财力性转移支付收入</p><p>E:社会保险基金收入</p>,5,BCDE,本题考查财政收入的分类。按财政收入来源和性质分类，可以分为：（1）税收收入。（2）社会保险基金收入。（3）非税收入。（4）贷款转贷回收本金收入。（5）债务收入。（6）转移性收入（下设返还性收入、专项转移支付收入、财力性转移支付收入等科目）。,517,1
2,"关于资本与金融账户的说法，正确的有（  ）。",<p>A:资本与金融账户记录资本在国际间的流动</p><p>B:资本与金融账户包括资本账户和金融账户</p><p>C:证券投资收入应计入资本账户</p><p>D:固定资产转移属于资本账户中资本转移</p><p>E:直接投资计入资本与金融账户</p>,5,ABDE,本题考查资本与金融账户。资本与金融账户记录资本在国际间的流动，包括资本账户和金融账户。资本账户包括资本转移和非生产、非金融资产交易。金融账户记录的是一经济体对外资产负债变更的交易，包括直接投资、证券投资、其他投资和储备资产四类。,541,1
2,"中央国有资本经营预算收入主要包括（  ）。",<p>A:私营企业上缴的税收</p><p>B:国有独资企业按规定上缴国家的利润</p><p>C:国有参股企业国有股份获得的股息、利息</p><p>D:国有控股企业国有股份获得的股息、股利</p><p>E:国有独资企业清算收入</p>,5,BCDE,本题考查中央国有资本经营预算收入。中央国有资本经营预算收入主要包括：（1）国有独资企业按规定上缴国家的利润。（2）国有控股、参股企业国有股份（股份）获得的股息、股利。（3）企业国有产权（含国有股份）转让收入。（4）国有独资企业清算收入（扣除清算费用）。（5）其他收入。,528,1
2,"财政收入中的临时性收入包括（  ）。",<p>A:罚款收入</p><p>B:出卖共产收入</p><p>C:租金</p><p>D:资金使用费</p><p>E:债务收入</p>,5,ABE,本题考查财政收入中的临时性收入。财政收入中的临时性收入是指在财政年度内不是经常地或不是很有规律地取得的财政收入，如债务收入、出卖公产收入、罚款收入等。,517,1
2,"关于行政行为的特征的说法中，正确的有（  ）。",<p>A:行政主体在实施行政行为时，具有单方意志性</p><p>B:行政行为不具有裁量性</p><p>C:行政行为是执行法律的行为</p><p>D:行政行为是行政主体行使行政职权所作出的能够产生行政法律效果的行为</p><p>E:行政行为是以国家强制力为保障实施的，带有强制性</p>,5,ACDE,本题考查行政行为的特征。行政行为的特征有：（1）行政行为是执行法律的行为。（2）行政行为具有一定的裁量性。（3）行政主体在实施行政行为时，具有单方意志性。（4）行政行为是以国家强制力为保障实施的，带有强制性。,582,1
2,"立法程序包括准备、确立和完备，其中准备阶段包括（  ）工作。",<p>A:拟定法律草案</p><p>B:法律解释</p><p>C:制定立法规划</p><p>D:法律案的审议</p><p>E:立法预测</p>,5,ACE,本题考查立法程序。立法的准备阶段包括立法预测、立法规划的制定、立法草案的拟定和论证以及其他一切立法的准备工作。,575,1
2,"关于经济规律的说法，错误的有（  ）。",<p>A:经济规律的产生都需要以一定的客观经济条件为基础</p><p>B:人们在经济规律面前是无能为力的</p><p>C:人们可以创造或制定经济规律</p><p>D:经济规律不会随客观经济条件的变化而变化</p><p>E:在特定条件下，经济规律可以以人的主观意志为转移</p>,5,BCDE,本题考查社会经济规律。任何经济规律都是在一定的客观经济条件的基础上产生，并随着客观经济条件的变化而变化的。任何经济规律都是不以人的主观意志为转移的，人们既不能消灭、废除或改造它，也不能随意地创造或制定它。,476,1
2,"关于货币供给机制的说法，正确的是（  ）。",<p>A:商业银行创造派生存款受到缴存中央银行存款准备金的限制</p><p>B:在任意一个时点上，中央银行的资产与负债总是保持着平衡</p><p>C:信用创造货币是当代不兑现信用货币制度下货币功能供给机制的重要内容</p><p>D:基础货币包括中央银行发行的货币和商业银行在中央银行的存款</p><p>E:提取现金数量不影响商业银行创造派生存款</p>,5,ABCD,本题考查货币供给机制。商业银行创造派生存款的能力受到三类因素的制约：（1）受到缴存中央银行存款准备金的限制。（2）受到提取现金数量的限制。（3）受到企事业单位及社会公众缴付税款等的限制。,533,1
2,"国家与国有企业的资产收益分配关系为（  ）。",<p>A:红利</p><p>B:股息</p><p>C:所得税</p><p>D:消费税</p><p>E:增值税</p>,5,AB,本题考查国家与国有企业的资产收益分配关系。在所有权和法人财产权分享的条件下，国家与国有企业（包括拥有国有股份的企业）的分配关系除了依法征税的税收关系外，还有资产收益分配关系即国家以国有资产所有者的身份，通过股息、红利等形式，分享资产收益。,517,1
2,"关于金融工具风险性的说法，正确的是（  ）。",<p>A:金融工具的风险性和期限性呈正相关系</p><p>B:金融工具的风险性是指持有金融工具能否按期收回本利，特别是本金是否会遭受损失</p><p>C:金融工具的风险包括违约风险和市场风险</p><p>D:因宏观经济条件变化，银行提高利率导致的金融工具下跌，致使持有者金融资产价值受损的风险属于违约风险</p><p>E:金融工具的风险性和流动性呈现正相关关系</p>,5,ABC,本题考查金融工具的风险性。金融工具的风险性包括违约风险和市场风险。市场风险包括因通货膨胀、货币贬值而致使收益下降甚至本金受损的风险，也包括因银行利率上升所导致的金融工具下跌，致使持有者金融资产价值受损的风险。,539,1
2,"关于经济发展和经济增长之间的关系，说法正确的有（  ）。",<p>A:经济增长必然会带来经济发展</p><p>B:经济增长是实现经济发展的手段和基础</p><p>C:经济增长并不构成经济发展充分必要条件</p><p>D:没有经济增长就不可能有经济发展</p><p>E:经济增长是经济发展最基本和十分重要的一部分</p>,5,BCDE,本题考查经济发展和经济增长之间的关系。经济增长只是经济发展的一部分，但它却是其中最基本也是十分重要的一部分。有经济增长并非一定就有经济发展，经济增长并不构成经济发展充分必要条件。,498,1
2,"关于会计核算的一般要求的说法，正确的有（  ）。",<p>A:各单位可以自行随意设置会计和账户</p><p>B:在民族自治地区，会计记录可以只用当地通用的民族文字</p><p>C:各单位必须根据实际发生的经济业务事项进行会计核算，编制财务会计报告</p><p>D:会计记录的文字应当使用中文</p><p>E:使用电子计算机进行会计核算的，其软件及其生成的会计凭证、会计账簿、财务会计报告和其他会计资料，也必须符合国家统一的会计制度的规定</p>,5,CDE,本题考查会计核算的一般要求。各单位必须按照国家统一的会计制度的要求，设置会计科目和账户，复式记账，填制会计凭证，登记会计账簿，进行成本计算，进行财产清查和编制财务会计报告。会计记录的文字应当使用中文，在民族自治地区，会计记录可以同时使用当地通用的一种民族文字。,559,1
2,"关于统计指标及其类型的说法，正确的有（  ）。",<p>A:统计指标可分总量指标、相对指标和平均指标</p><p>B:平均指标又称平均数或均值</p><p>C:时点指标通常可以累积</p><p>D:时点指标反映的是客观现象在某一时刻上的总量</p><p>E:时期指标通常可以累积，从而得到更长时期的总量</p>,5,ABDE,本题考查统计指标及其类型。时点数通常不能累积，各时点数累积后没有实际意义。,545,1
2,"关于统计指数的说法，正确的有（  ）。",<p>A:加权综合指数是通过加权来测定一组项目的综合变动状况</p><p>B:帕氏指数以基期变量值为权数，不能消除权数变动对指数的影响</p><p>C:拉氏指数以报告期变量值为权数，可以消除权数变动对指数的影响</p><p>D:统计指数是用于测定多个项目在不同场合下综合变动的一种特殊相对数</p><p>E:统计指数按计算形式不同可分简单指数和加权指数</p>,5,ADE,本题考查统计指数的概念及分类。帕氏指数以报告期变量值为权数，不能消除权数变动对指数的影响。拉氏指数以基期变量值为权数，可以消除权数变动对指数的影响。,555,1
2,"裁定管辖是指法院以裁定的方式确定诉讼的管辖，《民事诉讼法》规定的裁定管辖包括（  ）。",<p>A:级别管辖</p><p>B:专属管辖</p><p>C:移送管辖</p><p>D:指定管辖</p><p>E:管辖权转移</p>,5,CDE,本题考查裁定管辖的内容。裁定管辖是指法院以裁定的方式确定诉讼的管辖，《民事诉讼法》规定的裁定管辖包括移送管辖、指定管辖和管辖权转移三种。,591,1
1,"（  ）是进行物质资料生产的最基本的要素。",<p>A:劳动对象</p><p>B:劳动工具</p><p>C:劳动者</p><p>D:劳动时间</p>,4,C,本题考查物质资料生产的三要素。人类进行物质资料生产需具备三个基本要素：劳动者、劳动资料和劳动对象，其中劳动者是生产的最基本的要素。,476,1
1,"资本主义经济危机的根本特点和实质是（  ）。",<p>A:基本矛盾的激化</p><p>B:生产相对过剩</p><p>C:生产绝对过剩</p><p>D:对生产者的不完全占有</p>,4,B,本题考查资本主义经济危机的特点。资本主义经济危机的根本特点和实质是生产相对过剩，这种生产过剩不是与劳动者的实际需要相比的绝对过剩，而是资本主义生产无限扩大的趋势与劳动者有支付能力的需求相比的相对过剩。,477,1
1,"关于对货币流通规律的理解，下列说法错误的是（  ）。",<p>A:货币流通规律是指一定时期内商品流通中所需要的货币量的规律</p><p>B:商品流通过程中所需要的货币量与商品价格总水平成正比</p><p>C:纸币的发行量以流通中需要的金属货币量为限</p><p>D:货币供应量减少，一定会引起物价下降</p>,4,D,本题考查货币流通规律。纸币的发行量以流通中需要的金属货币量为限。如果货币供应量少于流通中所需的货币量，才会引起物价下降，但并非货币供应量减少就一定会引起物价下降。,483,1
1,"垄断组织实现垄断利润的主要途径是（  ）。",<p>A:垄断地位</p><p>B:垄断价格</p><p>C:国家干预</p><p>D:垄断同盟的缔结</p>,4,B,本题考查垄断组织实现垄断利润的途径。垄断组织主要通过垄断价格来实现垄断利润。,486,1
1,"关于商品的使用价值和价值的说法，下列错误的是（  ）。",<p>A:商品是使用价值和价值的矛盾统一体</p><p>B:凝结在商品中的一般人类劳动就是商品商品的使用价值</p><p>C:商品的使用价值并不是商品生产者自身的需要</p><p>D:商品生产者和消费者不能同时占有商品的使用价值和价值</p>,4,B,本题考查商品的使用价值和价值。凝结在商品中的一般人类劳动就是商品的价值，使用价值是商品交换价值和价值的物质承担者，是通过交换用以满足他人的需要。,482,1
1,"社会主义的根本任务是解放和发展生产力，下列选项中，不属于社会主义根本任务的决定因素的是（  ）。",<p>A:解决社会主义社会的主要矛盾的客观要求</p><p>B:社会主义物质基础建设的客观要求</p><p>C:最终战胜资本主义的客观要求</p><p>D:发展社会主义市场经济体制的客观要求</p>,4,D,本题考查社会主义的根本任务。社会主义的根本任务之所以是解放和发展生产力，是由四个方面因素决定的：（1）解决社会主义社会的主要矛盾的客观要求。（2）社会主义物质基础建设的客观要求。（3）社会主义最终战胜资本主义的客观要求。（4）为过渡到共产主义社会创造物质条件的客观要求。,489,1
1,"关于公有制经济的说法，下列错误的是（  ）。",<p>A:公有制经济在社会主义所有制结构中处于主体地位</p><p>B:公有制经济是社会主义社会的经济基础</p><p>C:公有制经济是社会主义制度的本质特征</p><p>D:中外合资经济和中外合作经济都属于公有制经济范畴</p>,4,D,本题考查公有制经济的概念。社会主义初级阶段的基本经济制度是以公有制为主体，多种所有制经济共同发展。中外合资经济和中外合作经济、公有制经济与国内私营经济共同投资组成的合营经济，特别是由国有经济和集体经济实行的股份制经济等，属于混合所有制经济，这些混合所有制经济中的国有和集体成分都属于公有制经济的范畴。,490,1
1,"下列市场中介组织中，属于为商品流通提供服务和沟通的是（  ）。",<p>A:经纪人</p><p>B:会计师事务所</p><p>C:律师事务所</p><p>D:资产和资信评级机构</p>,4,A,本题考查市场中介组织。市场中介组织可分为两大类，一是主要为商品流通提供服务和沟通的市场中介，如经纪人、信息咨询等；二是主要对市场运行提供公证和进行监督的市场中介，如会计事务所、律师事务所、资产和资信评级机构、公证和仲裁机构、计量和质量验证认证机构等。,493,1
1,"社会主义再生产的典型特征是（  ）。",<p>A:社会主义生产关系的再生产</p><p>B:扩大再生产</p><p>C:物质资料的再生产</p><p>D:满足劳动者日益增长的物质和文化生活需要</p>,4,B,本题考查社会主义再生产的特点。社会主义再生产的典型特征是扩大再生产。满足劳动者日益增长的物质和文化生活需要是社会主义生产的实质。社会主义生产关系的再生产和物质资料的再生产是社会主义再生产的内容。,495,1
1,"科学发展观的第一要义是（  ）。",<p>A:发展</p><p>B:以人为本</p><p>C:全面、协调、可持续</p><p>D:统筹兼顾</p>,4,A,本题考查科学发展观。科学发展观的第一要义是发展，核心是以人为本，基本要求是全面协调可持续，根本方法是统筹兼顾。,498,1
1,"下列选项中，不属于货币政策的是（  ）。",<p>A:信贷政策</p><p>B:利率政策</p><p>C:汇率政策</p><p>D:财政补贴</p>,4,D,本题考查货币政策。货币政策是指国家为实现宏观经济目标而采取的控制和调节货币数量、信贷规模和利率水平及稳定币值的一种经济政策。它由信贷政策、利率政策、汇率政策等组成，财政补贴属于财政政策。,501,1
1,"社会主义宏观经济调控的基本目标是（  ）。",<p>A:保持经济总量平衡和经济结构优化</p><p>B:保持经济适度增长</p><p>C:保持物价总水平的基本稳定</p><p>D:实现充分就业和收入分配公平</p>,4,A,本题考查宏观经济调控的目标。社会主义宏观经济调控的基本目标是保持经济总量平衡和经济结构优化。,500,1
1,"关于生产全球化的理解，下列说法错误的是（  ）。",<p>A:使发展中国家有可能通过跨国公司产生的“溢出效应”促进本国生产力水平的提升</p><p>B:有利于促进发展中国家产业结构的优化</p><p>C:增强了发展中国家经济的对外依附性</p><p>D:有可能对发展中国家的长期可持续发展造成危害</p>,4,C,本题考查生产全球化。金融全球化进一步增强了发展中国家经济的对外依附性，故C选项中的说法是错误的。,503,1
1,"关于对开放型经济的理解，下列说法正确的是是（  ）。",<p>A:开放型经济与外向型经济是基本一致的</p><p>B:开放型经济以出口导向为主</p><p>C:开放型经济以降低关税壁垒和提高资本自由流动程度为主</p><p>D:发展开放型经济尚未成为各国的主流选择</p>,4,C,本题考查对开放型经济的理解。开放型经济与外向型经济有所不同，外向型经济以出口导向为主，总体是一种策略性开放；开放型经济以降低关税壁垒和提高资本自由流动程度为主，目前已经成为各国的主流选择。,504,1
1,"开放型经济条件下，宏观经济的稳定，最重要的是保持（  ）。",<p>A:国际经济形式的稳定</p><p>B:社会总供求之间的大体平衡</p><p>C:物价的基本稳定</p><p>D:国家收支的总体平衡</p>,4,B,本题考查宏观经济稳定的基石。宏观经济的稳定，最重要的是要保持社会总供求之间的大体平衡。,505,1
1,"关于纯公共物品的量大特征，下列说法正确的是（  ）。",<p>A:消费上的非竞争性是派生特征</p><p>B:消费上的非排他性是主要特征</p><p>C:消费上的非竞争性指出了通过市场机制提供公共物品的潜在困难</p><p>D:消费上的非竞争性强调集体提供公共物品的潜在收益</p>,4,D,本题考查纯公共物品的两大特征，纯公共物品的两大特征分别是消费上的非竞争性和消费税的非排他性。消费上的非排他性指出了通过市场机制提供公共物品的潜在困难，消费上的非竞争性强调集体提供公共物品的潜在收益，消费上的非竞争性是主要特征，消费上的非排他性是派生特征。,507,1
1,"不属于财政基本职能的是（  ）。",<p>A:资源配置</p><p>B:收入分配</p><p>C:经济稳定和发展</p><p>D:优化税制结构</p>,4,D,本题考查财政的基本职能。财政的基本职能包括资源配置、收入分配、经济稳定和发展职能。,510,1
1,"现代财政制度的基础是（  ）。",<p>A:税收制度</p><p>B:国库集中收付制度</p><p>C:现代政府预算制度</p><p>D:国家预算外资金管理制度</p>,4,C,本题考查现代财政制度的基础，现代财政制度的基础是现代政府预算制度。,511,1
1,"现代企业制度中，公司的经营决策机构是（  ）。",<p>A:董事会</p><p>B:股东大会</p><p>C:监事会</p><p>D:经理层</p>,4,A,本题考查现代企业的治理结构。现代企业制度中，公司的经营决策机构是董事会。,494,1
1,"下列选项中，不属于影响产业结构的因素是（  ）。",<p>A:消费结构</p><p>B:资源结构</p><p>C:科学技术</p><p>D:经济运行机制</p>,4,D,本题考查影响产业结构的因素。影响产业结构的因素包括：消费结构、资源结构、投资结构、科学技术进步、劳动力素质和数量以及产业间关联方式。,496,1
1,"下列财政支出分类科目中，不属于政府支出功能分类科目的是（  ）。",<p>A:公共安全支出</p><p>B:节能环保支出</p><p>C:交通运输支出</p><p>D:对企业补助</p>,4,D,本题考查我国的政府支出分类改革。公共安全支出、节能环保支出、交通运输支出、外交支出、国防支出等均属于政府支出功能分类科目。,513,1
1,"关于政府购买性支出和转移性支出，下列说法错误的是（  ）。",<p>A:购买性支出是政府为履行职能，从私人部门取得物品和劳务并支付相应资金而发生的费用</p><p>B:购买性支出和转移性支出均具有有偿性</p><p>C:两者对政府支出效益约束的强度不同</p><p>D:购买性支出具有支出等价性，而转移性支出具有非等价性</p>,4,B,本题考查对政府购买性支出和转移性支出的理解。购买性支出具有有偿性，转移性支出具有无偿性。,516,1
1,"关于财政支出结构的理解，下列说法错误的是（  ）。",<p>A:财政支出结构是指在财政支出总额中各类支出所占的比重</p><p>B:财政支出结构反映了政府参与社会经济生活的程度</p><p>C:财政支出结构反映了政府是如何参与社会经济生活的</p><p>D:财政支出结构有助于人们了解政府如何运用公共资金</p>,4,B,本题考查财政支出结构。财政支出规模反映了政府参与社会经济生活的程度。,513,1
1,"下列关于我国目前的一般性财政收入形式中，属于专项收入的是（  ）。",<p>A:教育费附加</p><p>B:税收</p><p>C:政府收费</p><p>D:捐赠收入</p>,4,A,本题考查财政收入的主要形式。财政收入形式之一的专项收入具体包括教育费附加、矿产资源补偿费收入、排污费收入等。,517,1
1,"下列政府债务收入规模的衡量指标中，用于反映国家累计债务总规模的是（  ）。",<p>A:国债依存度</p><p>B:国债负担率</p><p>C:国债偿债率</p><p>D:当年国债发行额</p>,4,B,本题考查政府债务收入规模的衡量指标。反映国家累计债务总规模的是国债负担率。国债负担率是指到当期为止，政府历年发行国债尚未偿还的累计余额与当年国内生产总值的比例关系。,519,1
1,"关于我国债务管理制度的说法，下列错误的是（  ）。",<p>A:中央政府债务实行余额管理</p><p>B:地方政府债务规模实行限额管理</p><p>C:地方政府举债可以用于经常性支出</p><p>D:必须建立债务风险预警及化解机制</p>,4,C,本题考查我国政府债务管理制度。我国政府债务管理制度明确规定地方政府举债不得用于经常性支出，只能用于公益性资产支出和适度归还存量债务。,520,1
1,"关于税收的基本特征的理解，下列说法错误的是（  ）。",<p>A:税收的基本特征是税收所特有的形式特点</p><p>B:税收的强制性特征是税收作为一个财政范畴的前提条件</p><p>C:税收的强制性和无偿性都是绝对的</p><p>D:税收必须按照预定标准如数缴纳，不能拖延时间或者改变缴税标准</p>,4,C,本题考查税收的基本特征。在征税过程中，税收的强制性不是绝对的，税收的无偿性也是相对的。,521,1
1,"税制要素中，用于区别税种的主要标志是（  ）。",<p>A:纳税人</p><p>B:课税对象</p><p>C:税率</p><p>D:纳税环节</p>,4,B,本题考查税制要素。税制要素中，用于区别税种的主要标志是课税对象，按照课税对象不同，我国税种划分为流转税、所得税、财产税和其他税。,522,1
1,"随着课税对象数额增加，税率反而逐级递减的的是（  ）。",<p>A:名义税率</p><p>B:累进税率</p><p>C:累退税率</p><p>D:比率税率</p>,4,C,本题考查税率的类型。累退税率是指随着课税对象数额增加，税率反而逐级递减的税率。,522,1
1,"关于财产税的特点，下列说法错误的是（  ）。",<p>A:财产税符合税收的纳税能力原则</p><p>B:财产税具有收入分配功能</p><p>C:财产税收入弹性较大</p><p>D:财产税是地方政府财政收入的主要来源</p>,4,C,本题考查财产财产税的特点。财产税的缺点之一是收入弹性小，为满足财政需要而变动从财产税收入是很困难的。,525,1
1,"消费税的征收对象中，实行复合计税方法的是（  ）。",<p>A:白酒</p><p>B:鞭炮</p><p>C:高档手表</p><p>D:成品油</p>,4,A,本题考查消费税的计税方法。消费税的征收对象中，实行复合计税方法的是白酒和卷烟。,523,1
1,"按预算编制依据的内容和方法分类，政府预算分为（  ）。",<p>A:单式预算和复式预算</p><p>B:增量预算和零基预算</p><p>C:平衡预算和差额预算</p><p>D:中央预算和地方预算</p>,4,B,本题考查政府预算的分类。按预算编制依据的内容和方法进行分类，政府预算分为增量预算和零基预算。,527,1
1,"政府预算执行过程中，政府预算收支执行的载体是（  ）。",<p>A:国家金库制度</p><p>B:预算收入征收部门</p><p>C:国库单一账户制度</p><p>D:全国人民代表大会</p>,4,A,本题考查政府预算的执行。政府预算草案必须经同级人民代表大会审查和批准后才能成为政府预算，政府预算执行过程中，政府预算收支执行的载体是国家金库制度。,528,1
1,"下列选项中，不属于深化预算管理制度改革的内容是（  ）。",<p>A:完善政府预算体系</p><p>B:实行长期财政规划管理</p><p>C:建立跨年度预算平衡机制</p><p>D:建立政府资产报告制度</p>,4,B,本题考查深化预算管理制度改革的主要内容。深化预算管理制度改革的内容主要包括：（1）建立健全预算编制、执行、监督相互制约、相互协调机制。（2）完善政府预算体系。（3）建立跨年度预算平衡机制。（4）实施中期财政规划管理。（5）全面推进预算绩效管理。（6）建立政府资产报告制度。（7）建立权责发生制政府综合财务报告制度。（8）建立财政库底目标全额管理制度。（9）推进预算、决算公开。,530,1
1,"货币制度最基本的内容是（  ）。",<p>A:货币材料</p><p>B:货币名称</p><p>C:发行保证制度</p><p>D:本位币、辅币和其偿付能力</p>,4,A,本题考查货币制度的构成要素。货币制度的构成要素包括：（1）货币材料。（2）货币名称、货币单位和价格标准。（3）发行保证制度。（4）本位币、辅币和其偿付能力。货币材料是货币制度最基本的内容。,532,1
1,"下列对信用的本质特征认识错误的是（  ）。",<p>A:以偿还和支付利息为条件</p><p>B:一般产生于货币借贷和商品交易的赊销预付之中</p><p>C:是一种债权债务关系</p><p>D:债权债务关系的存在是货币与信用存在的共同前提</p>,4,D,本题考查信用的本质特征。信用作为一个经济范畴，其本质特征有：（1）信用不是一般的借贷行为，以偿还和支付利息为条件。（2）信用是一种债权债务关系。一般产生于货币借贷和商品交易的赊销预付之中。（3）信用反映了经济主体的支付愿望和支付能力。私有制是货币与信用存在的共同前提。,534,1
1,"商业银行的职能中，最基本的是（  ）。",<p>A:信用中介</p><p>B:支付中介</p><p>C:信用创造</p><p>D:信用扩张</p>,4,A,本题考查商业银行的职能。商业银行的职能包括信用创造、信用中介和支付中介，其中信用中介是其最基本的职能。,535,1
1,"在国务院领导下制定和执行货币政策、维护金融稳定、提供金融服务的金融中介机构是（  ）。",<p>A:中国人民银行</p><p>B:商业银行</p><p>C:政策性银行</p><p>D:商业保险公司</p>,4,A,本题考查我国当前金融中介体系的结构。在国务院领导下制定和执行货币政策、维护金融稳定、提供金融服务是中央银行的主要职能。我国的中央银行是中国人民银行。,536,1
1,"通过调控金融产品的价格使得一部分人财富增加，一部分人财富减少，这发挥了金融市场的（  ）。",<p>A:聚敛功能</p><p>B:配置工能</p><p>C:调解功能</p><p>D:反映功能</p>,4,B,本题考查金融市场的基本功能。通过调控金融产品的价格使得一部分人财富增加，一部分人财富减少，从而实现社会财富的再分配，这属于金融市场的配置功能。,538,1
1,"金融工具的特征中，反映金融工具在极短时间内变卖为现金而不至于亏损的能力是（  ）。",<p>A:流动性</p><p>B:风险性</p><p>C:收益性</p><p>D:期限性</p>,4,A,本题考查金融工具的特征。流动性是指金融工具在极端时间内变卖为现金而不至于亏损的能力。,539,1
1,"影响利率水平的因素有很多，下列说法错误的是（  ）。",<p>A:通货膨胀率通常通过物价上涨率来衡量</p><p>B:货币资金供求状况是决定利率水平的基本因素</p><p>C:平均利润率是利率的最高限，零是利率的最低限</p><p>D:国际金融市场利率通过货币资金在国际间的流动实现对本国利率的影响</p>,4,B,本题考查影响利率水平的因素。平均利润率是决定利率水平的基本因素。平均利润率是利率的最高限，零是利率的最低限。,539,1
1,"下列不属于外汇的特性的是（  ）。",<p>A:外币性</p><p>B:可兑换性</p><p>C:普遍接受性</p><p>D:即期性</p>,4,D,本题考查外汇的特征。一种货币成为自由外汇，必须具备三个特征：（1）外币性。（2）可兑换性。（3）普遍接受性。,540,1
1,"国际收支失衡会对一国经济产生诸多不良影响，因此必须采取政策加以调节，下列说法错误的是（  ）。",<p>A:国际收支出现顺差时，货币当局在外汇市场上购进外汇，增加外汇储备，消除从超额外汇供给</p><p>B:国际收支出现顺差时，宜采用紧缩的货币财政政策</p><p>C:国际收支出现逆差时，可以采取本币贬值的措施</p><p>D:直接管制措施是指政府直接干预国际经济交易的政策措施</p>,4,B,本题考查国际收支失衡的调节措施。国际收支调节政策主要有：外汇缓冲政策、货币政策和财政政策、汇率政策、直接管制措施。当国际收支出现逆差时，可以采取紧缩的货币财政政策；当国际收支出现顺差时，宜采用扩张的货币财政政策。,541,1
1,"抛补利率平价理论讨论的是远期汇率的决定，最早提出的是（  ）。",<p>A:凯恩斯</p><p>B:艾因齐格</p><p>C:亚当・斯密</p><p>D:萨缪尔森</p>,4,A,本题考查利率平价利率。利率平价理论分为抛补利率平价理论和未抛补利率平价理论，其中抛补利率平价理论最早是由凯恩斯提出，后经艾因齐格等学者加以完善。,540,1
1,"下列统计数据的计量尺度中，属于定序尺度的是（  ）。",<p>A:性别</p><p>B:满意度</p><p>C:温度</p><p>D:销售额</p>,4,B,本题考查统计数据的计量尺度。定序尺度是对客观现象各类之间的等级差或顺序差的一种测度，满意度属于定序尺度，性别属于定类尺度，温度属于定距尺度，销售额属于定比尺度。,543,1
1,"不同类型的数据有不同的特点，下列说法错误的是（  ）。",<p>A:数值型数据说明的是事物的数量特征</p><p>B:分类数据和顺序数据说明的是事物的品质特征</p><p>C:数值型数据均有绝对零点</p><p>D:数值型数据可以用更多的统计方法进行处理</p>,4,C,本题考查统计数据的类型。数值型数据是由定距尺度和定定比尺度计量形成的，而定距尺度计量的数值型数据是没有绝对零点的。,544,1
1,"总量指标包括时期指标和时点指标，下列选项中属于时期指标的是（  ）。",<p>A:物价指数</p><p>B:固定资产总值</p><p>C:产品产量</p><p>D:年末人口数</p>,4,C,本题考查总量指标的分类。时期指标通常可以累积，产品产量就属于时期指标。物价指数属于相对指标。固定资产总值和年末人口数属于时点指标。,545,1
1,"关于普查的说法，下列错误的是（  ）。",<p>A:普查属于专门调查</p><p>B:普查是周期性或一次性的调查</p><p>C:普查不存在登记误差</p><p>D:普查一般需要规定统一的标准调查时间</p>,4,C,本题考查普查的特点。普查的数据一般比较准确，但是也会存在一定程度的误差。,547,1
1,"我国农产品产量抽样调查常用的统计数据搜集方法是（  ）。",<p>A:直接观察法</p><p>B:报告法</p><p>C:试验设计法</p><p>D:网络调查法</p>,4,A,本题考查统计数据搜集的方法。直接观察法是指调查人员到现场对调查对象进行观察点数和计量，以取得原始数据的过程。我国农产品产量抽样调查常用的统计数据搜集方法是指直接观察法。,548,1
1,"下列不属于代表性误差产生的原因的是（  ）。",<p>A:调查方案中有关规定或解释不明确</p><p>B:样本结构与总体结构存在差异</p><p>C:样本容量不足</p><p>D:抽取样本没有遵循随机原则</p>,4,A,本题考查误差产生的原因。调查方案中有关规定或解释不明确会引起登记性误差。,549,1
1,"全国所有企业中，大型企业数与中型企业数相对比的结果是（  ）。",<p>A:百分比</p><p>B:比率</p><p>C:平均数</p><p>D:比例</p>,4,B,本题考查统计数据整理方式。比率是一个总体中，各不同类别的数量的比值。,550,1
1,"对于不等距分组数据绘制的直方图，矩形的面积表示的是（  ）。",<p>A:各组的频数分布</p><p>B:各组的频数密度</p><p>C:各组的组距</p><p>D:各组的组限</p>,4,A,本题考查直方图。直方图是用矩形的宽度和高度来表示频数分布的图形。对于不等距分组数据，用矩形的面积来表示各组的频数分布。,551,1
1,"某组数据50、54、60、61、67、75、80、80、80、95、100中，中位数为（  ）。",<p>A:50</p><p>B:74</p><p>C:75</p><p>D:80</p>,4,C,本题考查中位数。中位数是将数据从小到大排列，处于中间位置的数值。数值个数为偶数时，中位数是最中间两个数值的平均数；数值个数为奇数时，正中间的数值即为中位数。,553,1
1,"为消除变量值水平高低和计量单位不同对离散程度测度值的影响，需要计算（  ）。",<p>A:极差</p><p>B:方差</p><p>C:算术平均数</p><p>D:标准差系数</p>,4,D,本题考查离散程度的测度。为消除变量值水平高低和计量单位不同对离散程度测度值的影响，需要计算离散系数，即标准差系数。,554,1
1,"某商场商品的销售额指数为103.9%，价格指数为102.4%，则下列说法错误的是（  ）。",<p>A:商品销售量指数为162.5%</p><p>B:商品的销售额增长了3.9%</p><p>C:价格的增长使得商品销售额增长了2.4%</p><p>D:由于商品销售量增加使得商品销售额增加了1.46%</p>,4,A,本题考查指数体系。销售额指数等于价格指数乘以销售量指数，则销售量指数=103.9%/102.4%=101.46%。,557,1
1,"<p>下列各项中，属于拉氏质量指数的是（ ）。</p>","<p>A:<img alt="""" src=""http://www.0971c.com//files/attach/files/content/20221212/16708148357749.png"" style=""width: 109px; height: 46px;"" /></p>

<p>B:<img alt="""" src=""http://www.0971c.com//files/attach/files/content/20221212/16708149147360.png"" style=""width: 109px; height: 49px;"" /></p>

<p>C:<img alt="""" src=""http://www.0971c.com//files/attach/files/content/20221212/16708152191090.png"" style=""width: 101px; height: 50px;"" /></p>

<p>D:<img alt="""" src=""http://www.0971c.com//files/attach/files/content/20221212/16708153024863.png"" style=""width: 101px; height: 46px;"" /></p>",4,B,"<p>本题考查拉氏指数的概念。基期加权综合指数又称拉氏指数，它是在计算一组项目的综合指数时，把作为权数的各变量值固定在基期。拉氏质量指数的一般计算公式为：<img alt="""" src=""http://www.0971c.com//files/attach/files/content/20221212/16708155475057.png"" style=""width: 109px; height: 49px;"" />。</p>",556,1
1,"关于居民消费价格指数的作用，下列说法错误的是（  ）。",<p>A:居民消费价格指数与通货膨胀的严重程度成正比</p><p>B:居民消费价格指数与居民的货币购买力成反比</p><p>C:居民消费价格指数越高，意味着名义工资越低</p><p>D:利用居民消费价格指数可以将名义工资转化为实际工资</p>,4,C,本题考查居民消费价格指数的作用。名义工资除以居民消费价格指数等于实际工资，名义工资与居民消费价格指数无直接关系，实际工资与居民消费价格指数成反比。,558,1
1,"企业应当按照交易或事项的经济实质进行会计确认、计量和报告反应的是会计信息质量要求中的（  ）。",<p>A:可比性</p><p>B:实质重于形式</p><p>C:谨慎性</p><p>D:相关性</p>,4,B,本题考查会计信息质量的要求。会计信息质量有八大要求，包括可靠性、相关性、清晰性、可比性、实质重于形式、重要性、谨慎性和及时性。企业应当按照交易或事项的经济实质进行会计确认、计量和报告反应的是会计信息质量要求中的实质重于形式。,562,1
1,"会计要素的计量属性中，考虑货币时间价值因素的是（  ）。",<p>A:历史成本</p><p>B:重置成本</p><p>C:现值</p><p>D:公允价值</p>,4,C,本题考查会计要素的计量属性。现值是指对未来现金流量以恰当的折现率进行折现后的价值，是考虑货币时间价值因素等的一种计量属性。,563,1
1,"下列关于利润表的说法中，错误的是（  ）。",<p>A:利润表是反映企业在一定会计期间经营成果的报表</p><p>B:利润总额=营业利润-所得税费用</p><p>C:利润表主要有多步式和单步式两种格式</p><p>D:利润表编制的依据是“利润=收入-费用”会计等式</p>,4,B,本题考查利润表的概念。我国企业的利润表多采用多步式。第一步，计算营业利润。营业利润=营业收入-营业成本-税金及附加-管理费用-销售费用-研发费用-财务费用-资产减值损失-信用减值损失+投资收益+公允价值变动收益。第二步，计算利润总额。利润总额=营业利润+营业外收入-营业外支出。第三步，计算净利润。净利润=利润总额-所得税费用。,569,1
1,"在我国立法解释权属于（  ）。",<p>A:全国人大常委会</p><p>B:国务院</p><p>C:最高人民法院</p><p>D:最高人民检察院</p>,4,A,本题考查法律解释。立法解释是指立法机关对法律作出的解释。在我国立法解释权属于全国人大常委会。,572,1
1,"建设中国特色社会主义法治体系，必须形成五方面的体系，其中整个法治建设的基础和前提是（  ）。",<p>A:高效的法治实施体系</p><p>B:完备的法律规范体系</p><p>C:有力的法治保障体系</p><p>D:严密的法治监督体系</p>,4,B,本题考查中国特色法治体系的内涵。建设中国特色社会主义法治体系，必须形成五方面的体系，即高效的法治实施体系、完备的法律规范体系、有力的法治保障体系、严密的法治监督体系和完善的党内法规体系，其中完备的法律规范体系是整个法治建设的基础和前提。,579,1
1,"行政处罚法以列举式规定的行政处罚的种类有六种，下列不包括在内的是（  ）。",<p>A:警告</p><p>B:罚款</p><p>C:没收</p><p>D:通报批评</p>,4,D,本题考查行政处罚的种类。行政处罚法以列举式的行政处罚的种类有：（1）警告、通报批评。（2）罚款、没收违法所得、没收非法财物。（3）暂扣许可证件、降低资质等级、吊销许可证件。（4）限制开展生产经营活动、责令停产停业、责令关闭、限制从业。（5）行政拘留。（6）法律、行政法规规定的其他行政处罚。,582,1
1,"下列关于行政诉讼具有的与其他诉讼不同的特有原则的说法中，错误的是（  ）。",<p>A:当事人选择复议原则</p><p>B:审查行政行为合法性原则</p><p>C:行政行为不因诉讼而停止执行原则</p><p>D:原告负举证责任原则</p>,4,D,本题考查行政诉讼的基本原则。行政诉讼具有的与其他诉讼不同的特有原则包括：（1）当事人选择复议原则。（2）审查行政行为合法性原则。（3）行政行为不因诉讼而停止执行原则。（4）行政诉讼不适用调解原则。（5）司法变更权有限原则。（6）被告行政机关负举证责任原则。,584,1
1,"下列不属于民法基本原则的是（  ）。",<p>A:平等原则</p><p>B:知情原则</p><p>C:自愿原则</p><p>D:守法和公序良俗原则</p>,4,B,本题考查民法的基本原则。民法基本原则包括：（1）平等原则。（2）自愿原则。（3）诚信原则。（4）公平原则。（5）守法和公序良俗原则。（6）绿色原则。,585,1
1,"下列关于代理的说法中，错误的是（  ）。",<p>A:代理人以被代理人名义或自己名义与第三人进行民事活动</p><p>B:民事法律行为的委托代理必须采用书面形式</p><p>C:无民事行为能力人、限制民事行为能力人的监护人是他的法定代理人</p><p>D:代理人与第三人恶意串通，损害被代理人的利益，由代理人和第三人负连带责任</p>,4,B,本题考查对代理的理解。民事法律行为的委托代理可以用书面形式，也可以用口头形式。法律规定用书面形式的，应当用书面形式。,588,1
2,"下列选项中，属于货币的基本职能的是（  ）。",<p>A:价值尺度</p><p>B:流通手段</p><p>C:贮藏手段</p><p>D:支付手段</p><p>E:世界货币</p>,5,AB,本题考查货币的职能。货币的职能是由货币的本质决定的，在发达的商品经济中，货币具有价值尺度、流通手段、贮藏手段、支付手段和世界货币五大职能，其中价值尺度和流通尺度是货币的基本职能。,483,1
2,"资产阶级政治统治形式趋于完善，主要表现在（  ）。",<p>A:选举制度不断完善</p><p>B:法制化程度提高</p><p>C:工人阶级与资产阶级的矛盾相对缓和</p><p>D:对国家权力机构的监督和制约机制大大加强</p><p>E:资本占有的社会化</p>,5,ABD,本题考查资产阶级统治形式趋于完善的表现。资产阶级政治统治形式趋于完善，主要表现在：（1）选举制度不断完善。（2）法制化程度提高。（3）对国家权力机构的监督和制约机制的加强。,487,1
2,"一个完整的市场体系应该具备的功能包括（  ）。",<p>A:提高资源配置效率功能</p><p>B:经济联系功能</p><p>C:信息产生和传递功能</p><p>D:社会评价功能</p><p>E:宏观调控功能</p>,5,ABCD,本题考查市场体系的功能。一个完善的市场体系应具备的功能包括：提高资源配置效率功能、经济联系功能、经济利益关系调整功能、信息产生和传递功能、社会评价功能。,479,1
2,"国家垄断资本主义是（  ）。",<p>A:垄断资本和国家政权融合在一起的资本主义</p><p>B:是银行资本和工业资本融合起来后形成的</p><p>C:生产和资本高度集中的结果</p><p>D:资本主义基本矛盾尖锐化的必然结果</p><p>E:通过国家直接掌握的国有垄断资本直接参与生产的过程</p>,5,ADE,本题考查国家垄断资本主义。国家垄断资本主义是垄断资本和国家政权融合在一起的资本主义，也是资本主义基本矛盾尖锐化的必然结果，有三种表现形式：（1）通过国家直接掌握的国有垄断资本直接参与生产的过程。（2）国家与私人垄断资本在企业内部的结合。（3）国家与私人垄断资本在企业外部的结合。,486,1
2,"社会主义市场经济与市场经济相较而言，其特殊性表现在（  ）。",<p>A:市场主体自主经营、自负盈亏</p><p>B:政府不直接干预市场主体的生产经营活动</p><p>C:社会主义国家能够把人民的当前利益与长远利益、局部利益与整体利益结合起来</p><p>D:坚持和完善按劳分配为主体、多种分配方式并存的收入分配制度</p><p>E:不同经济成分可以自愿实行多种形式的联合经营</p>,5,CDE,本题考查社会主义市场经济的特殊性。A、B选项属于社会主义市场经济与其他社会的市场经济的共同特征。社会主义市场经济的特殊性表现在：（1）在宏观调控上，社会主义国家能够把人民的当前利益与长远利益、局部利益与整体利益结合起来，建立以间接手段为主的完善的宏观调控体系，保证国民经济健康运行。（2）在分配制度上，坚持和完善按劳分配为主体、各种生产要素按贡献参与分配、多种分配方式并存的收入分配制度。（3）在所有制结构上，坚持和完善以公有制为主体、多种经济成分共同发展的制度，不同经济成分还可以自愿实行多种形式的联合经营。,491,1
2,"下列选项中，属于现代企业制度的基本特征的是（  ）。",<p>A:产权清晰</p><p>B:权责明确</p><p>C:管理科学</p><p>D:政企分开</p><p>E:规模适中</p>,5,ABCD,本题考查现代企业制度的基本特征。现代企业制度的基本特征主要有：（1）产权清晰。（2）权责明确。（3）管理科学。（4）政企分开。,494,1
2,"社会主义国民收入再分配的途径有（  ）。",<p>A:国家财政收支</p><p>B:存贷款活动</p><p>C:以工资的形式分配给企业职工</p><p>D:通过价格体系影响交换双方的实际收入</p><p>E:以利润或税金形式按规定上缴国家</p>,5,ABD,本题考查国民收入的再分配。社会主义国民收入再分配的途径有：（1）国家财政收支。（2）银行信贷。（3）劳务费用的支付。（4）价格体系。,497,1
2,"在社会主义市场经济条件下，宏观调控的必要性表现在（  ）。",<p>A:社会化大生产的客观要求</p><p>B:生产资料社会主义公有制的要求</p><p>C:社会主义市场经济合理有效运行的需要</p><p>D:使微观经济活动符合宏观经济目标的需要</p><p>E:实现全面建设小康社会奋斗目标的客观需要</p>,5,ABCD,本题考查社会主义市场经济宏观调控的必要性。在社会主义市场经济条件下，宏观调控的必要性表现在；（1）社会化大生产的客观要求。（2）生产资料社会主义公有制的要求。（3）社会主义市场经济合理有效运行的需要。（4）使微观经济活动符合宏观经济目标的需要。,499,1
2,"经济全球化可以具体划分为（  ）。",<p>A:贸易全球化</p><p>B:生产全球化</p><p>C:资源全球化</p><p>D:金融全球化</p><p>E:积累全球化</p>,5,ABD,本题考查经济全球化的分类。经济全球化可以具体划分为贸易全球化、生产全球化、金融全球化。,503,1
2,"市场失灵是指市场在资源配置的某些方面是无效率或缺乏效率的，主要表现在（  ）。",<p>A:自然垄断</p><p>B:信息不充分和不对称</p><p>C:外部效应</p><p>D:公共物品</p><p>E:供求矛盾凸显</p>,5,ABCD,本题考查市场失灵的表现。市场失灵是指市场在资源配置的某些方面是无效率或缺乏效率的，主要表现在：（1）自然垄断。（2）信息不充分和不对称。（3）外部效应和公共物品。（4）收入分配不公和经济波动。,508,1
2,"财政实现收入分配职能的机制和手段主要有（  ）。",<p>A:明确市场和政府对社会收入分配的范围和界限</p><p>B:加强税收调节</p><p>C:动态确定社会公共需要的基本范围</p><p>D:发挥公共支出的作用</p><p>E:优化财政支出结构</p>,5,ABD,本题考查财政实现收入分配职能的机制和手段。财政实现收入分配职能的机制和手段主要有：（1）根据市场和政府的职责分工，明确市场和政府对社会收入分配的范围和界限。（2）加强税收调节。（3）发挥财政转移支付作用。（4）发挥公共支出的作用。,510,1
2,"衡量财政支出增长的指标有（  ）。",<p>A:财政支出总额</p><p>B:财政支出增长的边际倾向</p><p>C:财政支出规模</p><p>D:财政支出增长率</p><p>E:国内生产总值增长额</p>,5,BD,"本题考查财政支出增长的衡量指标。 反映财政支出增减变化情况的指标有三个：（1）财政支出增长的边际倾向。（2）财政支出增长率。（3）财政支出增长的弹性系数。",514,1
2,"影响财政收入规模的主要因素包括（  ）。",<p>A:经济发展水平</p><p>B:生产技术水平</p><p>C:经济结构</p><p>D:市场竞争程度</p><p>E:社会性因素</p>,5,ABC,本题考查影响财政收入规模的主要因素。影响财政收入规模的主要因素包括：经济发展水平、生产技术水平、经济结构、分配制度和分配政策、价格。,518,1
2,"与其他财政收入形式相比较，政府债务收入具有的特征包括（  ）。",<p>A:有偿性</p><p>B:无偿性</p><p>C:自愿性</p><p>D:强制性</p><p>E:固定性</p>,5,AC,本题考查政府债务收入的特征。与其他财政收入形式相比较，政府债务收入具有的特征包括：有偿性、自愿性和灵活性。,519,1
2,"按税负能否转嫁进行分类，税收分为（  ）。",<p>A:直接税</p><p>B:间接税</p><p>C:从价税</p><p>D:从量税</p><p>E:流转税</p>,5,AB,本题考查税收的分类。按税负能否转嫁分类，税收分为直接税和间接税。,522,1
2,"下列关于企业所得税计税方法的说法中，错误的是（  ）。",<p>A:个人独资企业、合伙企业不适用企业所得税法</p><p>B:企业应纳税所得额乘以适用税率所得即为企业所得税</p><p>C:非居民企业在中国境内未设立机构、场所的，适用的所得税税率为25%</p><p>D:企业所得税按纳税年度计算</p><p>E:企业每一纳税年度的收入额即为应纳税所得额</p>,5,BCE,本题考查企业所得税的计税方法。企业每一纳税年度的收入总额减除不征税收入、免税收入、各项扣除以及允许弥补的以前年度亏损后的余额为应纳税所得额。企业应纳税所得额乘以适用税率，减除依照企业所得税法关于税收优惠规定减免和抵免税额后的余额为应纳税额。非居民企业在中国境内未设立机构、场所的，适用的企业所得税税率为20%。,524,1
2,"下列各项中，属于政府预算职能的有（  ）。",<p>A:控制政府部门支出</p><p>B:监督政府部门收支运作情况</p><p>C:加快推进政府预算制度改革</p><p>D:实现区域平衡发展</p><p>E:反映政府部门工作状况</p>,5,ABE,本题考查政府预算的职能。政府预算的职能包括：（1）控制政府部门支出的职能。（2）监督政府部门收支运作情况的职能。（3）反映政府部门活动和工作状况的职能。,527,1
2,"下列关于货币制度的演变，说法错误的是（  ）。",<p>A:在银本位制下，银本位币具有无限法偿能力</p><p>B:金银复本位制以黄金和白银分别作为本为货币材料</p><p>C:双本位制是典型的金银复本位制</p><p>D:金汇兑本位制是典型的金本位制</p><p>E:不兑现的纸币本位制是以中央银行发行的纸币作为流通货币</p>,5,BD,本题考查货币制度的演变。货币制度演变过程中，金银复本位制以黄金和白银同时作为本位货币材料。金币本位制是典型的金本位制，而金块本位制和金汇兑本位制都是没有金币流通的金本位制，是残缺不全的金本位制。,532,1
2,"下列关于我国当前金融中介体系结构的说法中，正确的是（  ）。",<p>A:中国银行是我国的中央银行</p><p>B:国家开发银行目前的定位依然是政策性金融机构</p><p>C:中国工商银行、中国农业银行、中国银行和中国建设银行是我国商业银行体系中的主力军</p><p>D:保险公司遵循“分业经营”的原则</p><p>E:投资银行、证券公司在业务经营方面要接受中国证券监督管理委员会的监督</p>,5,CDE,本题考查我国当前金融中介体系的结构。中国人民银行是我国的中央银行，是我国发行的银行、银行的银行和政府的银行。2015年改革之后，国家开发银行定位为开发性金融机构。,536,1
2,"构成现代金融体系的基本要素有（  ）。",<p>A:由货币制度所规范的货币流通</p><p>B:金融中介</p><p>C:金融制度</p><p>D:金融工具</p><p>E:竞争机制</p>,5,ABCD,本题考查构成现代金融体系的基本要素。构成现代金融体系的基本要素有：由货币制度所规范的货币流通、金融中介、金融市场、金融工具、金融制度和调控机制。,537,1
2,"下列选项中，属于长期金融工具的是（  ）。",<p>A:公司债券</p><p>B:国库券</p><p>C:股票</p><p>D:银行汇票</p><p>E:大额可转让定期存单</p>,5,AC,本题考查金融工具的种类。短期金融工具包括国库券、大额可转让定期存单和各类票据等。长期金融工具包括长期政府债券、公司债券、银行证券和股票。,539,1
2,"影响汇率变动的主要因素包括（  ）。",<p>A:国际收支</p><p>B:相对利率</p><p>C:市场预期</p><p>D:相对通货膨胀率</p><p>E:货币资金供求情况</p>,5,ABCD,本题考查影响汇率变动的主要因素。影响汇率变动的主要因素有：国际收支、相对利率、相对通货膨胀率、总需求与总供给、市场预期。,540,1
2,"统计指标按其反映的内容或其数值表现形式不同，可以分为（  ）。",<p>A:总量指标</p><p>B:数量指标</p><p>C:相对指标</p><p>D:平均指标</p><p>E:质量指标</p>,5,ACD,本题考查统计指标的类型。统计指标按其反映的内容或数值表现形式不同，可以分为总量指标、相对指标和平均指标三种。,545,1
2,"下列选项中，属于抽样调查的特点的是（  ）。",<p>A:经济性</p><p>B:适应面广</p><p>C:随机性</p><p>D:准确性高</p><p>E:时效性差</p>,5,ABD,本题考查抽样调查的特点。抽样调查具有以下几个特点：（1）经济性。（2）时效性强。（3）适应面广。（4）准确性高。,547,1
2,"下列选项中，同时适用于对分类数据和顺序数据的整理和显示工具有（  ）。",<p>A:条形图</p><p>B:累积频数</p><p>C:累计频率</p><p>D:百分比</p><p>E:直方图</p>,5,AD,本题考查分类数据和顺序数据的整理与显示。频数、比例、百分比、比率、条形图和圆形图适用于顺序数据和分类数据的整理与显示。累积频数和频率仅适用于顺序数据的整理与显示。直方图适用于数值型数据的整理与显示。,550,1
2,"关于数据特征的测度，下列说法错误的是（  ）。",<p>A:几何平均数主要用于计算平均发展速度</p><p>B:数据的离散程度越小，集中趋势的测度值对该组数据的代表性就越强</p><p>C:离散系数小的说明数据的离散程度也就小</p><p>D:各组频数的大小与该组数值对平均数作用的大小无关</p><p>E:中位数易受极端值的影响，抗干扰性差</p>,5,DE,本题考查数据特征的测度。各组频数的大小与该组数值对平均数作用的大小有关，在数值不变的情况下，哪一组频数多，该组的数值对平均数的作用就大。中位数不易受极端值的影响，抗干扰性强。,553,1
2,"下列选项中，属于数量指数的有（  ）。",<p>A:产品成本指数</p><p>B:商品销售指数</p><p>C:劳动生产率指数</p><p>D:产品产量指数</p><p>E:居民消费价格指数</p>,5,BD,本题考查指数的分类。指数按反映的内容不同，可以分为数量指数和质量指数。数量指数用于反映物量变动水平，如产品质量指数、商品销售指数等。质量指数用于反映实物质量的变动水平，如价格指数、产品成本指数等。,555,1
2,"会计核算的基本前提包括（  ）。",<p>A:会计主体</p><p>B:持续经营</p><p>C:会计分期</p><p>D:货币计量</p><p>E:资本的增减</p>,5,ABCD,本题考查会计核算的基本前提。会计核算的基本前提包括会计主体、持续经营、会计分期和货币计量。,560,1
2,"下列关于借贷记账法的说法中，错误的是（  ）。",<p>A:采用借贷记账法，所有科目的借方和贷方按相反方向记录</p><p>B:借贷记账法的规则是“有借必有贷，借贷必相等”</p><p>C:余额试算平衡法要求全部会计科目本期借方发生额合计等于全部会计科目本期贷方发生额合计</p><p>D:经过试算平衡，可以肯定账户记录是正确的</p><p>E:资产类账户与权益类账户的结构截然相反</p>,5,CD,本题考查借贷记账法。余额试算平衡法要求全部会计科目借方期初（期末）余额合计等于全部会计科目贷方期初（期末）余额合计，发生额试算平衡法要求全部会计科目本期借方发生额合计等于全部会计科目本期贷方发生额合计。即使实现了试算平衡，也不能说明账户记录绝对正确。,564,1
2,"财产清查是用于查明账存数与实存数是否相符的一种专门方法，下列选项中，需要进行局部清查的是（  ）。",<p>A:年终决算之前</p><p>B:各种往来款项</p><p>C:开展资产评估等经济活动前</p><p>D:库存现金</p><p>E:贵重物资</p>,5,BDE,本题考查财产清查的概念。按照清查的范围，财产清查分为全面清查和局部清查。局部清查的情况有：（1）库存现金。（2）银行存款。（3）贵重物资。（4）各种往来款项。（5）流动性较大的材料物资。,567,1
2,"法相较于其他社会道德规范具有特殊性，具体表现在（  ）。",<p>A:具有特殊强制性</p><p>B:法以权利和义务为内容</p><p>C:具有灵活性</p><p>D:具有阶级性</p><p>E:具有普遍性</p>,5,ABE,本题考查法的基本特征。法的基本特征包括：（1）法是由国家制定或认可。（2）法是由国家强制力保障实施的。（3）法是调整人的行为和社会关系的行为规范。（4）法是确定社会关系参加者的权利和义务的规范。（5）法具有统一性、权威性和普遍适用性。,571,1
2,"国家调节经济运行最重要的部门法是（  ）。",<p>A:民商法</p><p>B:劳动和社会保障法</p><p>C:经济法</p><p>D:行政法</p><p>E:宪法</p>,5,AC,本题考查经济生活中常用的部门法。国家调节经济运行最重要的部门法就是民商法和经济法。,577,1
2,"行政复议是行政机关系统内部自我监督的一种重要形式，下列属于行政复议的特征的是（  ）。",<p>A:行政复议是行政机关的行政行为</p><p>B:行政复议是行政机关的法律行为</p><p>C:行政复议以具体行政行为为审查对象</p><p>D:行政复议可以不通过行政相对人进行</p><p>E:行政复议是以行政争议为处理对象的行为</p>,5,ACE,本题考查行政复议的特征。行政复议的特征包括行政复议是行政机关的行政行为、行政复议以具体行政行为为审查对象、行政复议是由行政相对人启动的、行政复议是以行政争议为处理对象的行为。,583,1
2,"我国《民法典》将法人分为（  ）。",<p>A:营利法人</p><p>B:代理法人</p><p>C:非营利法人</p><p>D:社团法人</p><p>E:特别法人</p>,5,ACE,本题考查法人的分类。我国《民法典》将法人分为营利法人、非营利法人和特别法人。,586,1
2,"《民事诉讼法》规定的裁定管辖包括（  ）。",<p>A:移送管辖</p><p>B:指定管辖</p><p>C:协议管辖</p><p>D:管辖权转移</p><p>E:专属管辖</p>,5,ABD,本题考查裁定管辖的概念。裁定管辖是指法院以裁定的方式确定诉讼的管辖。《中华人民共和国民事诉讼法》规定的裁定管辖有三种：移送管辖、指定管辖和管辖权转移。,591,1
1,"下列关于生产力与生产关系的说法中，正确的是（  ）。",<p>A:生产力的性质决定生产关系的性质</p><p>B:生产关系的发展变化决定生产力的发展和变革</p><p>C:生产力一定要适合生产关系的性质</p><p>D:生产力与生产关系是完全对立的</p>,4,A,本题考查生产力与生产关系。生产力和生产关系的统一构成社会生产方式。一方面，生产力决定生产关系，主要体现在：（1）生产力的性质决定生产关系的性质。（2）生产力的发展变化决定生产关系的发展和变革。另一方面，生产关系对生产力也具有反作用，体现在：（1）生产关系适应生产力性质和状况时，就能推动生产力的发展。当生产关系不适应生产力性质和状况时，则阻碍生产力的发展。（2）落后陈旧的生产关系是生产力发展的桎梏；超越生产力发展的状况和水平的生产关系，也会阻碍生产力的发展。生产力决定生产关系，生产关系一定要适合生产力性质的规律，是推动人类社会发展的基本规律。,476,1
1,"下列要素中，不属于生产力构成要素的是（  ）。",<p>A:劳动者</p><p>B:生产工具</p><p>C:生产资料</p><p>D:劳动对象</p>,4,D,本题考查生产力的构成要素。生产力的构成包括人和物两大要素：人的要素是指有一定生产经验、劳动技能和科学知识的劳动者；物的要素是指生产资料，其中生产工具占有非常重要的地位，生产工具的变革是社会生产力发展的主要标志。而劳动对象是生产力作用的对象，因而不能构成生产力的要素。,476,1
1,"民事法律事实可以分为事件和行为。下列客观事实中，属于民事法律行为的是（  ）。",<p>A:自然人的死亡</p><p>B:缔结婚姻</p><p>C:自然灾害</p><p>D:意外事故</p>,4,B,本题考查民事法律关系。民事法律行为是指受人的意志支配的有意识的活动，即与当事人意志直接相关的法律事实。故缔结婚姻为民事法律行为，其他三个选项均为民事法律事件。,585,1
1,"按提供信息的详细程度及其统驭关系，可以将会计科目分为（  ）。",<p>A:资产类科目和权益类科目</p><p>B:一级科目和二级科目</p><p>C:总分类科目和明细分类科目</p><p>D:报表科目和辅助科目</p>,4,C,本题考查会计科目的种类。按提供信息的详细程度及其统驭关系，可以将会计科目分为总分类科目和明细分类科目。,563,1
1,"下列关于增值税计税方法的说法中，正确的是（  ）。",<p>A:一般纳税人的进项税额为购进货物或接受应税劳务所支付或负担的增值税额</p><p>B:销项税额=增值额×13%</p><p>C:小规模纳税人的应纳税额=销售额×征收率-进项税额</p><p>D:进口货物的应纳税额=组成计税价格×税率-进项税额</p>,4,A,本题考查增值税的计税方法。一般纳税人缴纳增值税采取扣税法，应纳税额为销项税额扣除进项税额后的余额。其中，销项税额=销售额×适用税率；进项税额为购进货物或接受应税劳务所支付或负担的增值税额，一般以当期购货发票中注明的允许扣除的增值税款为准。对小规模纳税人不实行扣税法，其应纳税额计算公式为：应纳税额=销售额×征收率。进口货物应纳税额计算公式为：应纳税额=组成计税价格×税率。,523,1
1,"在我国建立市场经济体制的过程中，市场中介组织要依法通过资格认证，依据市场规则，建立（  ）运行机制。",<p>A:自律性</p><p>B:竞争性</p><p>C:自主性</p><p>D:公益性</p>,4,A,本题考查市场中介组织。在我国建立市场经济体制的过程中，市场中介组织要依法通过资格认证，依据市场规则，建立自律性运行机制。,493,1
1,"根据现代企业制度，公司的权利机构是（  ）。",<p>A:股东大会</p><p>B:董事会</p><p>C:监事会</p><p>D:经营管理层</p>,4,A,本题考查现代企业制度的组织结构。根据现代企业制度，股东大会是公司的权利机构。,494,1
1,"现代企业制度的基本特征是（  ）。",<p>A:确立法人财产权</p><p>B:落实联产承包权</p><p>C:保障终极所有权</p><p>D:理顺生产管理权</p>,4,A,本题考查现代企业制度的基本特征。现代企业制度的基本特征主要有：（1）产权清晰，其内容应包括两个层面，一是出资人的所有权要清晰，企业要有明确的投资者即出资人，企业的出资人既可以是国家或其授权的投资机构，也可以是法人和自然人，出资人享有财产收益、参与企业重大决策、聘选经营管理者和依法转让股权等项权利；二是企业法人财产权要清晰，企业对其拥有的全部法人财产具有占有、使用、支配和依法处置等权利，企业作为独立法人的合法权益受法律保护。（2）权责明确。（3）政企分开。（4）管理科学。,494,1
1,"社会主义再生产的实质是（  ）。",<p>A:满足劳动者日益增长的物质文化生活需要</p><p>B:在经济发展的基础上提高人民生活水平</p><p>C:发展社会生产力</p><p>D:提高社会经济发展水平</p>,4,B,本题考查社会主义再生产的实质。社会主义再生产的实质是同社会主义生产的实质紧密相连的。社会主义生产的实质是满足劳动者日益增长的物质和文化生活需要。与此相适应，社会主义再生产的实质是在经济发展的基础上不断提高社会全体人民的生活水平。,495,1
1,"社会主义宏观经济调控是通过（  ）实现的。",<p>A:对货币的调控</p><p>B:行政直接干预</p><p>C:对市场的调控</p><p>D:对财政的调控</p>,4,C,本题考查社会主义宏观经济调控。社会主义宏观经济调控的主体是国家，对象是国民经济总体活动，并通过对市场的调控来实现。,499,1
1,"我国当前实施宏观经济调控应以（  ）为主。",<p>A:经济调控手段</p><p>B:计划调控手段</p><p>C:行政调控手段</p><p>D:法律调控手段</p>,4,A,本题考查宏观经济调控的手段。发展社会主义市场经济，应以经济调控手段为主，综合采用各种调控手段，发挥宏观经济调控手段的总体功能，从而有效地调节社会主义市场经济的运行。,500,1
1,"经济增长方式是指（  ）。",<p>A:经济发展的目标形式</p><p>B:资源的总体配置方式</p><p>C:经济发展的决策方式</p><p>D:宏观调控的主要方式</p>,4,B,本题考查经济增长方式。经济增长方式是指资源的总体配置方式，即决定经济增长的各种要素的组合方式及各种要素组合起来推动经济增长的方式。,498,1
1,"经济能力或支付能力不同的人应当缴纳不同的税收，经济能力或支付能力强的人应当多纳税收，这体现了财政收入结构的（  ）。",<p>A:横向公平</p><p>B:起点公平</p><p>C:结果公平</p><p>D:纵向公平</p>,4,D,本题考查财政的提供公平服务特征。经济能力或支付能力不同的人应当缴纳不同的税收，能力强的人应该多缴纳税收，以不同的方式对待不同的人，即体现纵向公平。,509,1
1,"财政的经济稳定和发展职能不包括（  ）。",<p>A:充分就业</p><p>B:稳定物价水平</p><p>C:国际收支平衡</p><p>D:利率稳定</p>,4,D,本题考查财政的经济稳定和发展职能。财政的经济稳定和发展职能包括：实现充分就业、稳定物价水平、经济增长和国际收支平衡。,510,1
1,"下列关于购买性支出的说法中，正确的是（  ）。",<p>A:购买性支出是指政府为了履行其职能，从私人部门或公共部门取得物品与劳务并支付相应资金而发生的费用</p><p>B:购买性支出直接表现为政府购买商品和服务的活动</p><p>C:购买性支出包括政府消费性支出，不包括政府用于各种公共投资的支出</p><p>D:购买性体现了政府作为经济主体参与市场性经济活动，反映了政府在收入分配方面的作用</p>,4,B,本题考查购买性支出。购买性支出是指政府为了履行其职能，从私人部门取得物品与劳务并支付相应资金而发生的费用；换言之，购买性支出直接表现为政府进行日常行政事务活动所需要的商品和服务的支出即政府消费性支出、政府用于各种公共投资的支出即政府投资性支出两部分。发生购买性支出过程中，政府如同其他经济主体一样，财政在支出资金的同时从市场上购买到相应的商品和服务，是在进行等价交换的活动。这种支出体现了政府作为经济主体参与市场性经济活动，反映了政府在配置资源方面的作用。,516,1
1,"我国最主要的财政收入形式是（  ）。",<p>A:国有资产收益</p><p>B:税收</p><p>C:政府收费</p><p>D:专项收入</p>,4,B,本题考查财政收入的形式。财政收入是指政府为履行其职能、实施公共政策和提供公共物品与服务需要而筹集的一切资金的总和。其中，我国最主要的财政收入形式是税收。,517,1
1,"下列关于税收的无偿性的说法中，正确的是（  ）。",<p>A:税收的无偿性是指国家在征税时并不向纳税人支付任何报酬</p><p>B:税收无偿性是绝对的，因为对具体纳税人而言，纳税后并未获得任何报酬</p><p>C:税收同国家债务、收费和信贷分配一样具有无偿性特征</p><p>D:税收无偿性是指所征税款归国家所有，有时也直接返还给原纳税人</p>,4,A,本题考查税收的无偿性。税收的无偿性是指国家在征税时并不向纳税人支付任何报酬，所征税款归国家所有，不再直接返还给原纳税人。税收的无偿性特征，同国家债务、收费和信贷分配具有的偿还性特征相区别。税收无偿性是相对的，因为对具体纳税人而言，纳税后并未获得任何报酬，从这个意义上来讲税收不具有偿还性或返还性；但如果从政治活动的整体看，税收是对政府提供公共物品和服务成本的补偿，这表明税收又具有有偿性的一面。,521,1
1,"税法规定的课税的目的物是指（  ）。",<p>A:课税对象</p><p>B:课税范围</p><p>C:纳税人</p><p>D:税率</p>,4,A,本题考查课税对象的概念。课税对象亦称征收对象，是税法规定的课税的目的物，是课税的依据或根据。,522,1
1,"下列关于现阶段我国中央银行主要职能的说法中，错误的是（  ）。",<p>A:制定和执行货币政策</p><p>B:维护金融稳定</p><p>C:办理工伤信贷和储蓄业务</p><p>D:提供金融服务</p>,4,C,本题考查中央银行的主要职能。中央银行的主要职能包括：（1）制定和执行货币政策。（2）维护金融稳定。（3）提供金融服务。,535,1
1,"下列金融业务中，不属于商业信用的是（  ）。",<p>A:赊销</p><p>B:银行贷款</p><p>C:预付</p><p>D:分期付款</p>,4,B,本题考查商业信用的表现形式。商业信用有两种表现形式：一是企业之间相互提供的、与商品的生产和流通有关的信用，包括赊销、预付和分期付款等形式；二是指企业直接向社会集资，以解决自身扩大再生产的资金需要，主要是采用发行公司（企业）债券的形式。,534,1
1,"在垄断资本主义阶段，垄断组织获取垄断利润的主要方式是（  ）。",<p>A:划分垄断市场</p><p>B:严格限制竞争</p><p>C:规定垄断价格</p><p>D:控制生产资料</p>,4,C,本题考查垄断资本。垄断，又称独占，是指少数大企业或若干企业联合起来，独占生产和市场以获取高额垄断利润。垄断组织主要通过规定垄断价格获取垄断利润。,486,1
1,"各种福利支出、对居民的补贴支出、捐赠支出属于（  ）支出。",<p>A:转移性</p><p>B:积累性</p><p>C:购买性</p><p>D:消费性</p>,4,A,本题考查转移性支出。转移性支出直接表现为资金无偿、单方面的转移，包括政府补助支出、捐赠支出和债务利息支出。,516,1
1,"下列关于不兑现的纸币本位制的说法中，错误的是（  ）。",<p>A:这种制度下，流通货币一般是中央银行发行的钞票和硬币</p><p>B:这种制度下，黄金仍然是重要的流通和支付手段</p><p>C:不兑现的纸币本位制的出现晚于银本位制</p><p>D:不兑现的纸币本位制是一种信用货币制度</p>,4,B,本题考查不兑现的纸币本位制。不兑现的纸币本位制又称不兑现的信用货币制度，是以中央银行发行的纸质货币作为流通货币，在这种货币制度下，纸币不能兑换成黄金，也不同任何贵金属挂钩，并且集中由中央银行发行，独立行使货币各主要职能。,532,1
1,"<p>下列关于货币层次的说法中，正确的是（ ）。</p>","<p>A:我国公布的货币供应量指标分为4个层次</p>

<p>B:现实中的货币只能是流通中的现金</p>

<p>C:目前各国通常依据流动性来划分货币层次</p>

<p>D:我国货币供应量指标M<sub>1</sub>包括外币存款</p>",4,C,<p>本题考查货币层次。现实中的货币既包括流通领域内的现金，也包括在银行体系内的存款，甚至各种票据及其他信用流通工具也在一定程度上作为货币的替代物参与流通，执行着货币的某些职能。目前各国通常依据流动性的不同来划分不同的货币层次，由此产生不同口径的货币供应量。中国人民银行将我国货币供应量指标划分为三个层次。</p>,533,1
1,"银行吸收存款，集中社会上闲置的资金，又通过发放贷款，将集中起来的货币资金贷放给资金短缺部门，这是银行的（  ）职能。",<p>A:支付中介</p><p>B:信用中介</p><p>C:金融服务</p><p>D:货币创造</p>,4,B,本题考查商业银行的主要职能。银行吸收存款，集中社会上闲置的资金，又通过发放贷款，将集中起来的资金贷放给资金短缺部门，这是银行的信用中介职能。,535,1
1,"下列关于我国现行金融中介体系的说法中，错误的是（  ）。",<p>A:中国人民银行是我国的中央银行</p><p>B:中国进出口银行是政策性银行</p><p>C:中国光大银行是股份制商业银行</p><p>D:美国花旗银行北京分行不是我国金融中介体系的组成部分</p>,4,D,本题考查我国当前金融中介体系的结构。我国现行的金融中介体系的结构大致如下：（1）中央银行，中国人民银行是我国的中央银行。（2）政策性银行，包括国家开发银行、中国进出口银行和中国农业发展银行。（3）商业银行，中国光大银行是股份制商业银行。（4）保险公司。（5）投资银行、证券公司。（6）基金管理公司。（7）在华外资金融机构。,536,1
1,"下列金融机构中，不属于狭义的“影子银行”的是（  ）。",<p>A:对冲基金</p><p>B:传统的银行业金融机构</p><p>C:私募股权投资基金</p><p>D:货币市场共同基金</p>,4,B,本题考查影子银行。按照金融稳定理事会的定义，狭义的“影子银行”是指可能引起系统性风险和监管套利的非银行金融中介机构。从全世界范围来看，“影子银行”体系主要由四部分构成，分别是：证券化机构，主要功能是将传统金融产品证券化；市场化的金融公司，主要包括对冲基金、货币市场共同基金、私募股权投资基金等，主要从事在传统金融机构和客户之间融通资金；此外，还有结构化投资机构及证券经纪公司。而传统的银行业金融机构不属于狭义的“影子银行”。,535,1
1,"下列金融市场中，属于资本市场的是（  ）。",<p>A:票据市场</p><p>B:股票市场</p><p>C:同业拆借市场</p><p>D:短期债券市场</p>,4,B,本题考查资本市场。资本市场的功能是供应长期货币资金，主要是解决投资方面的资金需求，所流通的金融工具的期限在一年以上。资本市场主要指的是股票市场、长期债券市场和投资基金市场等。,538,1
1,"下列金融工具中，属于衍生金融工具的是（  ）。",<p>A:国库券</p><p>B:股票</p><p>C:银行本票</p><p>D:利率互换</p>,4,D,本题考查衍生金融工具。衍生金融工具的种类主要有：（1）期权（价格期权和时间期权）和期货（货币期货、利率期货和股票指数期货）。（2）互换（期限互换、利率互换和货币互换）。国库券和银行本票属于短期金融工具；股票属于长期金融工具。,539,1
1,"甲、乙双方达成交易协议，约定在1个月后按成交时约定的协议价格进行交易，这种交易方式一般称为（  ）。",<p>A:现货交易</p><p>B:期货交易</p><p>C:期权交易</p><p>D:现金交易</p>,4,B,本题考查期货交易。期货交易是指交易双方经过协商，同意在约定的时间按照协议约定的价格和数量进行的交易。期货交易主要有：（1）货币期货。（2）利率期货。（3）股票指数期货。,538,1
1,"一组数据的平均值为20，离散系数为0.4，则该数据的标准差为（  ）。",<p>A:50</p><p>B:8</p><p>C:0.02</p><p>D:4</p>,4,B,本题考查标准差。标准差=平均值×离散系数，则该组数据的标准差=20×0.4=8。,553,1
1,"下列关于简易程序的说法中，错误的是（  ）。",<p>A:简易程序中可以口头起诉、口头答辩</p><p>B:原告、被告双方同时到庭的，可以当即审理，当即调解</p><p>C:简易程序可适用于发回重审的案件</p><p>D:简易程序不需实行合议制</p>,4,C,本题考查简易程序。简易程序是相对于普通程序而言的，是基层人民法院及其派出法庭审理简单民事案件和简单经济纠纷案件所适用的程序。简易程序中可以口头起诉、口头答辩；原告、被告双方同时到庭的，可以当即进行审理，当即调解；简易程序不需要实行合议制。,591,1
1,"社会主义宏观经济调控的对象是（  ）。",<p>A:国有企业</p><p>B:国民经济关键行业</p><p>C:国家政府机关</p><p>D:国民经济总体活动</p>,4,D,本题考查社会主义宏观经济调控的对象。社会主义宏观经济调控是指社会主义国家从社会整体利益出发，为实现宏观经济总量的基本平衡和经济结构的优化，引导国民经济持续、健康、快速发展，对国民经济总体活动进行的总体调控和控制。,499,1
1,"企业收入的发生往往会引起（  ）。",<p>A:负债增加</p><p>B:资产减少</p><p>C:资产增加</p><p>D:所有者权益减少</p>,4,C,本题考查会计等式。企业收入发生时，引起负债减少、资产增加、所有者权益也相应增加。,564,1
1,"反映了一国国际收支的综合情况，可以衡量国际收支对一国储备压力的国际收支局部差额是（  ）。",<p>A:贸易差额</p><p>B:经常差额</p><p>C:基本差额</p><p>D:综合差额</p>,4,D,本题考查综合差额的概念。综合差额考察的是除储备资产以外所有项目的情况。该差额反映了一国国际收支的综合情况，可以衡量国际收支对一国储备的压力。,541,1
1,"下列关于购买力平价理论的说法中，错误的是（  ）。",<p>A:购买力平价理论最早是由瑞典经济学家卡塞尔提出的</p><p>B:购买力平价理论认为，两国货币的购买力之比是决定汇率的基础</p><p>C:购买力平价理论分为绝对购买力平价和相对购买力平价</p><p>D:购买力平价理论主要考察的是利率对汇率的影响</p>,4,D,本题考查购买力平价理论。购买力平价是指两国货币的购买力之比，货币的购买力与一般物价水平呈反比，是一般物价水平的倒数。购买力平价理论最早是由瑞典经济学家卡塞尔于1922年提出，认为两国货币的购买力之比是决定汇率的基础，汇率的变动是由两国货币购买力之比变化引起的。,540,1
1,"下列政策措施中，对于调节国际收支能够较快产生效果的是（  ）。",<p>A:货币政策</p><p>B:财政政策</p><p>C:汇率政策</p><p>D:直接管制措施</p>,4,D,本题考查直接管制措施。运用货币政策、财政政策和汇率政策调节国际收支是通过市场机制发挥作用，政策时滞较长，难以立竿见影，特别是对结构性国际收支失衡难以收到成效。因此，出现结构性逆差时，许多发展中国家往往采取直接管制措施。直接管制措施是指政府直接干预国际经济交易的政策措施，包括贸易管制和外汇管制。,541,1
1,"下列计量尺度中，最粗略、计量层次最低的计量尺度是（  ）。",<p>A:定类尺度</p><p>B:定序尺度</p><p>C:定距尺度</p><p>D:定比尺度</p>,4,A,本题考查定类尺度。定类尺度是最粗略、计量层次最低的计量尺度，它是按照客观现象的某种属性对其进行分类或分组，各类各组之间的关系是并列、平等而且相互排斥的。,543,1
1,"下列统计指标中，属于总量指标的是（  ）。",<p>A:国内生产总值</p><p>B:经济增长率</p><p>C:物价指数</p><p>D:人均利润</p>,4,A,总量指标是反映现象总体规模的统计指标，通常以绝对数的形式来表现，因此又称为绝对数，如土地面积、国内生产总值、财政收入等。经济增长率、物价指数属于相对指标；人均利润属于平均指标。,545,1
1,"在一项入户抽样调查中，先随机抽取居委会，然后对被抽中居委会的所有住户进行调查。这种抽样方法是（  ）。",<p>A:等距抽样</p><p>B:分层抽样</p><p>C:整群抽样</p><p>D:偶遇抽样</p>,4,C,本题考查抽样调查的方法。整群抽样是将总体中各单位归并成若干个互不交叉、互不重复的集合，称之为群；然后以群为抽样单位抽取样本的一种方式。因此，在一项入户抽样调查中，先随机抽取居委会，然后对被抽中居委会的所有住户进行调查的抽样方法是整群抽样。,547,1
1,"根据第六次全国人口普查的结果，我国大陆31个省、自治区、直辖市和现役军人人口中，男性占总人口的51.27%，女性占总人口的48.73%，则人口的性别比为（  ）。",<p>A:100：105.21</p><p>B:95.05:100</p><p>C:105.21:100</p><p>D:100:95.05</p>,4,C,本题考查比率。人口性别比是指人口学上关于社会或国家男女人口数量的一种比率，基本上以每100位女性人口所对应的男性人口为计算标准。51.25%：48.73%=105.21:100，故正确答案为选项C。,550,1
1,"2015年我国全年货物运输总量为417.1亿吨，货物运输方式包括铁路、公路、水运、民航和管道。已知其中公路、水运、民航和管道完成货物运输量所占百分比分别为75.52%、14.72%、0.01%、1.7%，则2015年我国铁路货物运输量约为（  ）亿吨。",<p>A:61.4</p><p>B:14.7</p><p>C:7.1</p><p>D:33.6</p>,4,D,本题考查百分比。2015年我国铁路货物运输量=全年货物运输总量×（1-公路、水运、民航和管道完成货物运输量所占百分比）=417.1×（1-75.52%-14.72%-0.01%-1.7%）=33.6（亿吨）。,550,1
1,"社会主义全民所有制企业的国民收入，在初次分配时，不包括（  ）。",<p>A:税金</p><p>B:工资</p><p>C:合作事业基金</p><p>D:企业基金</p>,4,C,本题考查国民收入的初次分配。社会主义全民所有制企业的国民收入，在初次分配中分解为三部分：（1）以税金或利润形式按规定上缴国家，作为国家集中的纯收入，由国家统筹安排，在全社会范围内合理使用。（2）以企业基金的形式留给企业，用于企业发展生产、举办集体福利事业和奖励先进职工。（3）以工资的形式分配给企业职工，由职工个人支配和使用。,497,1
1,"国债偿债率是指当年到期还本付息的国债总额占（  ）的比例。",<p>A:历年财政收入</p><p>B:当年财政收入</p><p>C:历年财政支出</p><p>D:当年财政支出</p>,4,B,本题考查国债偿债率的概念。国债偿债率是指当年到期还本付息的国债总额占当年财政收入的比例。,519,1
1,"企业对外提供的反映企业在某一特定日期财务状况和某一会计期间经营成果、现金流量的文件，称为（  ）。",<p>A:会计报表</p><p>B:财务会计报告</p><p>C:会计报表附注</p><p>D:财务情况说明书</p>,4,B,本题考查财务会计报告的概念。财务会计报告是指企业对外提供的反映企业在某一特定日期财务状况和某一会计期间经营成果、现金流量的文件。,568,1
1,"（  ）原则要求自然人、法人和非法人组织在从事民事活动时，不得违反各种法律的强制性规定，不违背公共秩序和善良习俗。",<p>A:守法和公序良俗</p><p>B:公平</p><p>C:绿色</p><p>D:平等</p>,4,A,"本题考查民法的基本原则。守法和公序良俗原则要求自然人、法人和非法人组织在从事民事活动 时，不得违反各种法律的强制性规定，不违背公共秩序和善良习俗。",585,1
1,"下列关于借贷记账法的说法中，错误的是（  ）。",<p>A:借贷记账法以“借”和“贷”作为记账符号</p><p>B:资产类账户与权益类账户的结构截然相反</p><p>C:借贷记账法的记账规则是“有借必有贷，借贷必相等”</p><p>D:借贷记账法是一种单式记账法</p>,4,D,本题考查借贷记账法。借贷记账法是指以“借”和“贷”作为记账符号的一种复试记账法。,564,1
1,"《中华人民共和国会计法》规定，会计年度为（  ）。",<p>A:农历1月1日起至12月30日</p><p>B:公历1月1日起至12月31日</p><p>C:企业的一个营业周期</p><p>D:企业开始营业日起至次年的同一日期止</p>,4,B,本题考查会计分期。会计期间通常为一年，叫作会计年度。《中华人民共和国会计法》规定，会计年度自公历1月1日起至12月31日止。,560,1
1,"下列关于原始凭证填制要求的说法中，错误的是（  ）。",<p>A:阿拉伯数字不得连笔书写</p><p>B:阿拉伯金额数字前面应当书写货币币种符号或者货币名称简写</p><p>C:大写金额到元或角为止的，后面要写“整”字</p><p>D:币种符号与阿拉伯数字之间要留有空白</p>,4,D,本题考查原始凭证的填制要求。填写原始凭证时应遵守的要求之一是阿拉伯金额数字前面应当书写货币币种符号或者货币名称简写，币种符号与阿拉伯数字之间不得留有空白。,565,1
1,"下列不属于会计科目设置原则的是（  ）。",<p>A:相关性</p><p>B:实用性</p><p>C:合理性</p><p>D:合法性</p>,4,C,本题考查会计科目的设置原则。会计科目的设置原则有：（1）合法性原则。（2）相关性原则。（3）实用性原则。,563,1
1,"下列关于账户式资产负债表格式的说法中，错误的是（  ）。",<p>A:资产负债表分为左右两方</p><p>B:资产项目按照资产流动性大小排列</p><p>C:资产负债表右方为资产项目</p><p>D:负债和所有者权益项目一般按照求偿权顺序排列</p>,4,C,本题考查资产负债表的格式。账户式资产负债表分为左右两方，左方为资产项目，按照资产流动性大小排列；右方为负债和所有者权益项目，一般按照求偿权顺序排列。,569,1
1,"根据马克思主义的观点，法的本质可以概括为阶级性、国家意志性和物质制约性等多个方面，但作为一种上层建筑，法最终决定于（  ）。",<p>A:社会物质生活条件</p><p>B:统治阶级的意志</p><p>C:国家的意志</p><p>D:多数公民的意志</p>,4,A,本题考查法的本质。法最终决定于构成物质关系的社会物质生活条件。,571,1
1,"审判解释和检察解释有原则性分歧时，应报请（  ）解释或决定。",<p>A:全国人民代表大会常务委员会</p><p>B:最高人民法院</p><p>C:国务院</p><p>D:全国人民代表大会</p>,4,A,本题考查法律解释。审判解释和检察解释有原则性分歧时，应报请全国人民代表大会常务委会员解释或决定。,572,1
1,"一国运用法律和制度治理国家、治理社会的有机统一的运转机制，称为（  ）。",<p>A:法律体系</p><p>B:法制体系</p><p>C:法治体系</p><p>D:立法体系</p>,4,C,本题考查法治体系的概念。法治体系是指一国运用法律和制度治理国家、治理社会的有机统一的法治运转机制。,576,1
1,"下列国家机关中，属于行政主体的是（  ）。",<p>A:人民政府</p><p>B:人民代表大会</p><p>C:人民法院</p><p>D:人民检察院</p>,4,A,本题考查行政主体。行政主体是享有国家行政权力，从事行政管理活动的组织。这一特征将行政主体与其他国家机关、组织区别开来。如行使立法权的国家权利机关（人民代表大会）、行使审判权的人民法院、行使检察权的人民检察院以及一般的企事业单位和社会团体，上述组织不具有宪法和法律赋予的行政权利，因而不能成为行政主体。,581,1
1,"人类最基本的实践活动是（  ）。",<p>A:建立生产组织</p><p>B:确立分配关系</p><p>C:进行商品交换</p><p>D:物质资料生产</p>,4,D,本题考查物质资料生产。物质资料生产是指劳动者按照预期目的，运用劳动资料加工于劳动对象，改变劳动对象的形状、性质或地理位置，使它适合人们需要的过程。物质资料生产为人类提供基本的吃、穿、住、行等生活和生存资料，是人类最基本的实践活动。,476,1
1,"我国个人所得税制的改革方向是（  ）。",<p>A:建立综合个人所得税制</p><p>B:建立分类个人所得税制</p><p>C:建立统筹与分类相结合的个人所得税制</p><p>D:建立综合与分类相结合的个人所得税制</p>,4,D,本题考查个人所得税。我国个人所得税制的改革方向，是建立综合与分类相结合的个人所得税制。,524,1
1,"由会计部门依据审核无误的原始凭证对经济业务事项的内容进行分类，并据以确定会计分录后填制的会计凭证称为（  ）。",<p>A:一次凭证</p><p>B:通用凭证</p><p>C:记账凭证</p><p>D:专用凭证</p>,4,C,本题考查记账凭证的概念。记账凭证又称记账凭单，是会计部门根据审核无误的原始凭证对经济业务事项的内容加以分类，并据以确定会计分录后所填制的会计凭证。,565,1
1,"在概率抽样中，每隔一定距离抽选一个被调查者的抽样方法是（  ）。",<p>A:分层抽样</p><p>B:系统抽样</p><p>C:整群抽样</p><p>D:判断抽样</p>,4,B,本题考查系统抽样。系统抽样又称等距抽样，是在样本框中每隔一定距离抽选一个被调查者。,547,1
1,"下列关于社会主义经济制度建立过程的说法中，正确的是（  ）。",<p>A:可以通过一种私有制形式代替另一种私有制形式实现</p><p>B:可以在资本主义所能允许的范围内通过调整实现</p><p>C:可以在资本主义私有制内部经过革命产生</p><p>D:只能在消灭资本主义私有制的基础上重新建立</p>,4,D,本题考查社会主义经济制度的建立。社会主义经济制度是以生产资料公有制为基础的，它的产生不是以一种私有制形式代替另一种私有制形式，而是对资本主义私有制的否定，是一场消灭资本主义剥削制度的深刻革命。因此，社会主义公有制不可能在资本主义私有制内部产生，更谈不上发展，而只能在消灭资本主义私有制、对资产阶级的资本实行剥夺的基础上重新建立。,488,1
1,"假设某一预算年度中央本级预算支出规模安排为3万亿元，根据我国预算法，则预算年度中央预备费的最大规模可设置为（  ）亿元。",<p>A:900</p><p>B:300</p><p>C:600</p><p>D:1500</p>,4,A,本题考查中央本级支出。根据预算法规定，中央预备费按中央本级预算支出的1%-3%设置。,528,1
1,"下列关于信用货币的说法中，正确的是（  ）。",<p>A:信用货币是最早出现的货币形态</p><p>B:信用货币本身具有内在价值</p><p>C:现代信用货币的主要存在形式包括现金和银行存款</p><p>D:信用货币没有强制性</p>,4,C,本题考查信用货币的特征。信用货币的基本特征有：（1）中央银行发行的信用货币是中央银行代表国家发行的纸币本位币，本身不具有十足的内在价值。（2）信用货币是债务货币，现金是中央银行的负债，存款是商业银行的负债。（3）信用货币具有强制性，通过法律手段确定其为法定货币。（4）国家可以通过银行来控制和管理信用货币流通，把货币政策作为实现国家宏观经济目标的重要手段。,531,1
1,"小李是一名17岁的中学生，其主要生活来源为自己的劳动收入。下列关于小李民事行为能力的说法中，正确的是（  ）。",<p>A:小李属于限制民事行为能力人</p><p>B:小李应当视为完全民事行为能力人</p><p>C:小李属于无民事行为能力人</p><p>D:小李属于完全民事行为能力人</p>,4,B,本题考查我国公民的民事行为能力的类型。根据《中华人民共和国民法典》，16周岁以上不满18周岁的未成年人，以自己的劳动收入为主要生活来源的，视为完全民事行为能力人。8周岁以上的未成年人是限制民事行为能力人。,586,1
1,"寄存财物被丢失或者损毁的，当事人要求赔偿的诉讼时效期间为（  ）年。",<p>A:1</p><p>B:2</p><p>C:3</p><p>D:4</p>,4,A,本题考查特别诉讼时效。根据《中华人民共和国民法典》，下列民事法律关系的诉讼时效期间为1年；身体受到伤害要求赔偿的；出售质量不合格的商品未声明的；延付或者拒付租金的；寄存财物被丢失或者损毁的。,590,1
1,"所有权具有占有、使用、收益和处分四项权能，其中，（  ）是拥有所有权的根本标志。",<p>A:占有权</p><p>B:使用权</p><p>C:处分权</p><p>D:收益权</p>,4,C,本题考查物权。所有权具有占有、使用、收益和处分四项权能，其中，处分权是拥有所有权的根本标志。,589,1
1,"根据《中华人民共和国民事诉讼法》的规定，人民法院审理案件，原告经传票传唤，无正当理由拒不到庭的，可以（  ）。",<p>A:裁定驳回起诉</p><p>B:按撤诉处理</p><p>C:缺席判决</p><p>D:拘传到庭</p>,4,B,"本题考查开庭审理。根据《中华人民共和国民事诉讼法》的规定，原告经传票传唤，无正当理由拒不到庭的，或者未经法庭许可中途退庭 的，可以按撤诉处理；被告反诉的，可以缺席判决。被告经传票传唤，无正当理由拒不到庭的，或者未经法庭许可中途退庭的，可以缺席判决。",591,1
1,"下列民事案件中，人民法院一律不公开审理的是（  ）。",<p>A:涉及商业秘密的案件</p><p>B:离婚案件</p><p>C:涉及国家秘密的案件</p><p>D:涉及未成年人权益的案件</p>,4,C,本题考查公开审判制的例外情形。人民法院审理民事案件，除法律规定的情况外，审判过程及结果应当向群众、社会公开。但根据法律规定，下列情形为公开审判制度的例外：（1）涉及国家秘密和个人隐私的案件，一律不公开审理。（2）离婚案件、涉及商业秘密的案件，当事人申请不公开审理的，可以不公公开审理。,591,1
1,"下列行为中，不属于民法上的特殊侵权行为的是（  ）。",<p>A:履行职务致人损害</p><p>B:地面施工致人损害</p><p>C:污染环境致人损害</p><p>D:故意伤害致人损害</p>,4,D,本题考查特殊侵权责任包括的情形。特殊侵权责任主要包括三类情形：（1）因特定主体致人损害，如国家机关及其工作人员执行职务致人损害、无民事行为能力人及限制民事行为能力人致人损害。（2）因特定活动致人损害，如高度危险作业致人损害、地面施工致人损害。（3）因特定物件或物质因素致人损害，如产品致人损害、环境污染致人损害、建筑物致人损害、饲养动物致人损害等。,589,1
2,"完善的市场体系应具备的基本功能包括（  ）。",<p>A:提高资源配置效率</p><p>B:调整经济利益关系</p><p>C:产生并传递市场信息</p><p>D:社会评价</p><p>E:调控宏观经济</p>,5,ABCD,本题考查市场体系的功能。一个完善的市场体系应当具有以下几方面的功能：（1）提高资源配置效率功能。（2）经济联系功能。（3）经济利益关系调整功能（4）信息产生和传递功能。（5）社会评价功能。,479,1
2,"商品经济产生和发展所需的经济条件包括（  ）。",<p>A:社会分工的不断发展</p><p>B:社会产品种类的不断增加</p><p>C:社会产品数量的不断增加</p><p>D:存在具有独立经济利益的经济实体</p><p>E:生产资料和劳动产品属于不同的所有者</p>,5,ADE,本题考查商品经济的产生和发展。商品经济的产生和发展是以一定的经济条件为前提的，这些经济条件主要有：（1）社会分工。（2）生产资料和劳动产品属于不同的所有者，存在具有独立经济利益的经济实体。,478,1
2,"下列关于国家垄断资本主义的说法中，正确的有（  ）。",<p>A:国家垄断资本主义是垄断资本和国家政权融合在一起的资本主义</p><p>B:国家垄断资本主义的基本特征是国家对社会经济活动进行全面的干预和调节</p><p>C:国家垄断资本主义是资本主义生产关系适应生产力发展的根本性调整</p><p>D:国家垄断资本主义是在私人垄断基础上进一步发展并产生的</p><p>E:国家垄断资本主义的实质是垄断资本利用国家力量获取稳定的高额利润</p>,5,ABDE,本题考查国家垄断资本主义。国家垄断资本主义是指垄断资本和国家政权融合在一起的资本主义。其基本特征是国家对社会经济活动进行全面干预和调节，是资本主义生产关系适应生产力发展而做的局部调整。国家垄断资本主义是在私人垄断基础上进一步发展并产生的，其实质是垄断资本利用国家力量而获取的高额利润。,486,1
2,"下列关于党的十八大提出的“形成合理有序的收入分配格局”的说法中，正确的有（  ）。",<p>A:形成合力有序的收入分配格局，必须健全初次分配制度和着重保护劳动所得</p><p>B:形成合理有序的收入分配格局，必须在完善再分配调节机制上强化政府责任</p><p>C:形成合理有序的收入分配格局，要在规范收入分配秩序方面推进体制机制创新</p><p>D:形成合理有序的收入分配格局，必须坚持和全面推进实行“按劳分配”原则</p><p>E:形成合理有序的收入分配格局，必须坚持更加注重经济效率的原则</p>,5,ABC,本题考查社会主义初级阶段的收入分配制度。实行按劳分配与按生产要素贡献分配相结合的收入分配制度，必须形成和落实合理有序的收入分配格局，为此，党的十八大作出新的部署：形成合理有序的收入分配格局，必须健全初次分配制度和着重保护劳动所得；形成合理有序的收入分配格局，必须在完善再分配调节机制上强化政府责任；形成合理有序的收入分配格局，还要在规范收入分配秩序方面推荐体制机制创新。,490,1
2,"对产业进行分类时，经常采用的方法有（  ）。",<p>A:投资规模分类法</p><p>B:两大部类分类法</p><p>C:消费结构分类法</p><p>D:三次产业分类法</p><p>E:生产要素密集程度分类法</p>,5,BDE,本题考查产业结构的划分。对产业进行分类时，经常采用的方法有两大部类分类法、三次产业分类法和生产要素密集程度分类法。,496,1
2,"下列关于我国农村家庭联产承包责任制的说法中，正确的是（  ）。",<p>A:它是继土地改革以来我国农村生产关系的一次重大调整</p><p>B:它改变了我国农村土地集体所有制的性质</p><p>C:它改变了我国农村土地的经营方式</p><p>D:它是作为农村集体经济组织内部的一个经营层次而存在的</p><p>E:它构成了我国农村集体经济组织内部的双层经营体制</p>,5,ACDE,本题考查家庭联产承包责任制。我国农村家庭联产承包责任制是继土地改革以来我国农村生产关系的一次重大调整，这种调整，不是改变也没有改变农村土地的集体所有制性质，只是改变了农村土地的经营方式，由相对集中的统一经营改为以家庭为单位的分户经营。我国农村家庭联产承包责任制是作为农村集体经济组织内部的一个经营层次而存在的，它并不独立于农村集体经济组织之外，它与以社会化服务为内容的集体统一经营相互依存，构成了农村集体经济组织内部的双层经营体制。,494,1
2,"核算过内生产总值时，通常采用的方法有（  ）。",<p>A:剩余法</p><p>B:生产法</p><p>C:趋势法</p><p>D:支出法</p><p>E:收入法</p>,5,BDE,本题考查国内生产总值的核算方法。在实际核算中，国内生产总值有三种计算方法，即生产法（总产出减中间投入）、收入法（劳动者报酬、生产税净额、固定资产折旧、营业盈余四项之和）和支出法（最终消费、资本形成总额、货物和服务净出口三项之和），这三种方法分别从不同角度反映国内生产总值及其构成。,497,1
2,"党的十八大报告提出了到2020年我国的经济发展战略目标，强调要加强经济发展的（  ）。",<p>A:平衡性</p><p>B:增长性</p><p>C:协调性</p><p>D:广泛性</p><p>E:可持续性</p>,5,ACE,本题考查社会主义经济发展战略。党的十八大报告提出了到2020年我国的经济发展战略目标，强调要加强经济发展的平衡性、协调性和可持续性。,498,1
2,"市场失灵的主要表现有（  ）。",<p>A:自然垄断</p><p>B:免费搭车</p><p>C:信息不充分和不对称</p><p>D:外部效应哪个公共物品</p><p>E:收入分配不公和经济波动</p>,5,ACDE,本题考查市场失灵的主要表现。市场失灵是指市场在资源配置的某些方面是无效率或缺乏效率的。市场失灵的表现主要有：（1）自然垄断。（2）信息不充分和不对称。（3）外部效应和公共物品。（4）收入分配不公和经济波动。,508,1
2,"财政的基本特征有（  ）。",<p>A:弥补市场失效</p><p>B:提供公平服务</p><p>C:非市场营利性</p><p>D:法治化财政</p><p>E:公平税负</p>,5,ABCD,本题考查财政的基本特征。一般地讲，公共财政具有四个基本特征，即弥补市场失效、提供公平服务、非市场营利性和法治化财政。,509,1
2,"代理的法律特征主要表现在（  ）。",<p>A:代理人权利的独立性</p><p>B:代理人以被代理人的名义或自己的名义与第三人进行民事活动</p><p>C:代理人在代理活动中必须有独立意思表示</p><p>D:代理人必须在代理权限内实施代理行为</p><p>E:代理行为产生的法律后果由被代理人承担</p>,5,BCDE,本题考查代理的法律特征。代理的法律特征主要表现在：（1）代理人以被代理人的名义或自己的名义与第三人进行民事活动。（2）代理人在代理活动中必须有独立意思表示，代理人进行代理行为，就是要代被代理人实施民事行为，代理人应以自己的判断为被代理人的利益，独立为意思表示。（3）代理人必须在代理权限内实施代理代理行为。（4）代理行为产生的法律后果由被代理人承担。,588,1
2,"建立宏观经济调控综合协调体制的基本要求有（  ）。",<p>A:保障重点</p><p>B:直接干预</p><p>C:目标统一</p><p>D:功能互补</p><p>E:适时适度</p>,5,CDE,本题考查宏观调控的综合协调。建立宏观经济调控综合协调体制的基本要求有：目标统一；政策协调；功能互补；适时适度。,501,1
2,"下列关于生产商品的具体劳动和抽象劳动的说法中，正确的有（  ）。",<p>A:具体劳动创造商品的使用价值，体现人与自然的关系</p><p>B:抽象劳动是劳动具体形式的体现</p><p>C:商品生产者在从事具体劳动的同时也付出了抽象劳动</p><p>D:对于商品生产者来说，抽象劳动在质上相同，在量上有差别</p><p>E:具体劳动和抽象劳动之间完全对立</p>,5,ACD,本题考查具体劳动和抽象劳动。商品之所以具有使用价值和价值两个属性，是由劳动的二重性决定的。生产商品的劳动具有二重属性，即具体劳动和抽象劳动。具体劳动是指在一定具体形式下进行的劳动。具体劳动创造商品的使用价值，体现的是人与自然之间的关系，因而是不以任何社会形式为转移的人类生存的条件。生产不同使用价值的具体劳动在质上是不同的，因而在量上也是无法进行比较的；抽象劳动是撇开劳动的具体形式的一般人类劳动。抽象劳动形成商品价值，凝结在商品中的抽象劳动是价值实体，体现的是商品生产者之间的社会经济关系。抽象劳动对于生产任何商品的劳动来说都是相同的，只存在量的差别。,482,1
2,"下列各项中，属于现代金融体系基本要素的有（  ）。",<p>A:由货币制度所规范的货币流通</p><p>B:由国库制度所规范的资金支付</p><p>C:金融中介</p><p>D:金融制度和调控机制</p><p>E:金融工具</p>,5,ACDE,本题考查构成现代金融体系的基本要素。构成现代金融体系的基本要素包括：由货币制度所规范的货币流通；金融中介；金融市场；金融工具；金融制度和调控机制。,537,1
2,"根据《中华人民共和国会计法》，企业应办理会计手续并进行会计核算的经济业务事项包括（  ）。",<p>A:会计人员的交接</p><p>B:财务成果的统计分析</p><p>C:款项和有价证券的收付</p><p>D:债权、债务的发生和结算</p><p>E:收入、支出、费用、成本的计算</p>,5,CDE,"本题考查会计核算的具体内容。根据《中华人民共和国会计法》的规定，企业应当办理会计手续、进行会计核算的经济业务事项主要有：款项和有价证券的收付；财物的收发、增减和使用；债权、债务的发生和结算；资本的增减 ；收入、支出、费用、成本的计算；财务成果的计算和处理；需要办理会计手续、进行会计核算的其他事项。",559,1
2,"下列关于信用形式的说法中，正确的有（  ）。",<p>A:国库券属于国家信用</p><p>B:发行股票或债券属于直接融资</p><p>C:银行不能提供消费性质的信用</p><p>D:银行贷款属于间接融资</p><p>E:企业之间的赊销属于商业信用</p>,5,ABDE,"本题考查信用的形式。直接信用又称“直接金融”“直接融资”，在这种方式下，公司、企业在 金融市场上从资金所有者那里直接融通货币资金，其方式是发行股票或债券。直接信用方式包括预付或赊销商品形式的商业信用、发行及买卖有价证券形式的公司信用、国家信用等。间接信用则是通过各种金融中介进行借贷活动的信用方式，又称“间接金融”或“间接融资”。",534,1
2,"下列国际收支项目中，属于国际收支平衡表经常账户的有（  ）。",<p>A:货物和服务</p><p>B:非生产、非金融资产交易</p><p>C:证券投资</p><p>D:收益</p><p>E:经常转移</p>,5,ADE,本题考查经常账户。经常账户记录实际资源的流动，包括货物和服务、收益、经常转移三项。选项B、C属于资本与金融账户。,541,1
2,"影响汇率变动的主要因素有（  ）。",<p>A:国际收支</p><p>B:相对通货膨胀率</p><p>C:相对利率</p><p>D:汇率的标价方法</p><p>E:总需求与总供给</p>,5,ABCE,本题考查影响汇率变动的主要因素。影响汇率变动的因素主要有：（1）国际收支。（2）相对通货膨胀率。（3）相对利率。（4）总需求与总供给。（5）市场预期。,540,1
2,"非全面调查的形式有（  ）。",<p>A:非全面统计报表</p><p>B:普查</p><p>C:抽样调查</p><p>D:重点调查</p><p>E:典型调查</p>,5,ACDE,本题考查非全面调查的种类。非全面调查是对调查对象中的一部分单位进行调查，包括非全面统计报表、抽样调查、重点调查和典型调查等。,546,1
2,"下列统计指标中，属于时期指标的有（  ）。",<p>A:产品产量</p><p>B:能源生产总量</p><p>C:年末人口数</p><p>D:人均国内生产总值</p><p>E:财政收入</p>,5,ABE,本题考查统计指标及其类型。产品产量、能源生产总量和财政收入属于时期指标；年末人口数属于时点指标；人均国内生产总量属于平均指标。,545,1
2,"人口普查、经济普查和农业普查的共同特点有（  ）。",<p>A:具有周期性</p><p>B:规定统一的标准调查时间</p><p>C:调查单位具有典型意义</p><p>D:具有经济性</p><p>E:时效性强</p>,5,AB,本题考查统计调查的方式。人口普查、经济普查和农业普查均具有周期性和规定统一的标准调查时间。选项C为典型调查的特点；选项D、E为抽样调查的特点。,547,1
2,"非概率抽样的优点有（  ）。",<p>A:快速简便</p><p>B:严格按随机原则抽取样本</p><p>C:不需要抽样框</p><p>D:能够保证样本对总体的代表性</p><p>E:费用相对较低</p>,5,ACE,本题考查非概率抽样。非概率抽样是用一种主观的（非随机的）方法从总体中抽选样本单位。优点是：快速简便，费用相对较低；不需要任何抽样框；对探索性研究和调查的设计开发有很大帮助。由于不是严格按随机抽样原则来抽取样本，虽然根据样本调查的结果也可在一定程度上说明总体的性质、特征，但不能从数量上推断总体。,547,1
2,"下列数据整理与显示方法中，适用于顺序数据的有（  ）。",<p>A:圆形图</p><p>B:累积频数</p><p>C:累积百分比</p><p>D:直方图</p><p>E:条形图</p>,5,ABCE,本题考查顺序数据的整理。圆形图、累积频数、累积百分比和条形图均适用于顺序数据的整理与显示，而直方图则不适用于顺序数据的整理与显示。,550,1
2,"下列关于统计表设计的注意事项的说法中，正确的有（  ）。",<p>A:表头一般应包括表号、总标题和表中数据的单位等内容</p><p>B:资料来源不必注明</p><p>C:通常情况下，统计表的左右两边不封口</p><p>D:表中的数据一般是右对齐，有小数点时应以小数点对其，而且小数点的位数应统一</p><p>E:行标题、列标题、数字资料的位置应安排合理</p>,5,ACDE,本题考查统计表的设计。统计表在设计时，有以下事项需要注意：表头一般应包括表号、总标题和表中数据的单位等内容；资料来源需注明；通常情况下，统计表的左右两边不封口；表中的数据一般是右对齐，有小数点时应以小数点对齐，而且小数点的位数应统一；行标题、列标题、数字资料的位置应安排合理。,552,1
2,"下列会计概念中，属于会计确认计量的基本原则的是（  ）。",<p>A:合理确定会计记账基础</p><p>B:配比原则</p><p>C:历史成本原则</p><p>D:费用</p><p>E:所有者权益</p>,5,ABC,本题考查会计确认计量的基本原则。会计确认计量的基本原则包括：合理确定会计记账基础；配比原则；历史成本原则；划分收益性支出和资本性支出原则。,561,1
2,"现阶段我国税收制度改革的目标取向有（  ）。",<p>A:优化税制结构</p><p>B:完善调节功能</p><p>C:稳定宏观税负</p><p>D:推进依法治税</p><p>E:提高中央税比重</p>,5,ABCD,本题考查税收制度改革的目标取向。现阶段我国完善税收制度改革的目标取向有：优化税制结构；完善调节功能；稳定宏观税负；推进依法治税。,526,1
2,"制约商业银行创造派生存款能力的主要因素不包括（  ）。",<p>A:黄金储备量</p><p>B:外汇储备量</p><p>C:提取现金数量</p><p>D:企事业单位及社会公众缴付的税款额</p><p>E:缴存中央银行的存款准备金量</p>,5,AB,本题考查影响商业银行创造派生存款的因素。商业银行不能无限制地创造派生存款。一般来说，银行体系扩张信用、创造派生存款的能力要受到三类因素的制约：受到缴存中央存款准备金的限制；受到提取现金数量的限制；受到企事业单位及社会公众缴付税款等的限制。,533,1
2,"规范性法律文件系统化是法律完备阶段的重要工作，其方法主要包括（  ）。",<p>A:立法规划</p><p>B:立法建议</p><p>C:法律汇编</p><p>D:法律编纂</p><p>E:法律清理</p>,5,CDE,本题考查法律的完备阶段。规范性法律文件系统化是法律完备阶段的主要工作，其方法主要包括：法律清理、法律汇编和法律编纂。,575,1
2,"按税率与课税对象的变动关系进行分类，税率分为（  ）。",<p>A:比例税率</p><p>B:平均税率</p><p>C:累退税率</p><p>D:累进税率</p><p>E:边际税率</p>,5,ACD,本题考查税率的分类。按税率与课税对象的变动关系进行分类，税率分为比例税率、累退税率、累进税率。,522,1
2,"下列诉讼原则中，属于行政诉讼的特有原则的有（  ）。",<p>A:当事人选择复议原则</p><p>B:行政诉讼不适用调解原则</p><p>C:司法变更权有限原则</p><p>D:审查行政行为合理性原则</p><p>E:行政行为不因诉讼而停止执行原则</p>,5,ABCE,本题考查行政诉讼的基本原则。行政诉讼作为法院主持下的三大诉讼制度之一，与其他诉讼制度具有共同的司法原则，如两审终审制原则、合议制原则。但行政诉讼是解决双方当事人法律地位不尽平等的外部行政争议的诉讼，这一特性决定了行政诉讼具有与其他诉讼不同的特有原则，主要包括：当事人选择复议原则；审查行政行为合法性原则；行政行为不因诉讼而停止执行原则；行政诉讼不适用调解原则；司法变更权有限原则；被告行政机关负举证责任原则。,584,1
2,"按清查的范围，财产清查可分为（  ）。",<p>A:定期清查</p><p>B:不定期清查</p><p>C:全面清查</p><p>D:局部清查</p><p>E:银行存款清查</p>,5,CD,本题考查财产清查的分类。财产清查是指通过对货币资金、实物资产和往来款项的盘点或者核对，确定其实存数，查明账存数与实存数是否相符的一种专门方法。按清查的时间，财产清查可以分为定期清查和不定期清查。,567,1
2,"法的特征表现为（  ）。",<p>A:法是一种一般的社会规范</p><p>B:法由国家制定或认可</p><p>C:法以权利和义务为内容</p><p>D:法由国家强制力保障实施</p><p>E:法在国家权利管辖范围内普遍有效，具有普遍性</p>,5,BCDE,本题考查法的基本特征。法的基本特征是指法与上层建筑的其他组成部分（如社会道德规范）相比较而体现的特殊性，具体包括：（1）法是由国家制定或认可的。（2）法是由国家强制力保障实施的。（3）法是调整人的行为和社会关系的行为规范。（4）法是确定社会关系参加者的权利和义务的规范。（5）法具有统一性、权威性和普遍适用性。,571,1
2,"建设中国特色社会主义法治体系必须要形成的子体系有（  ）。",<p>A:高效的法治实施体系</p><p>B:完备的法律规范体系</p><p>C:严密的法治监督体系</p><p>D:有力的法治保障体系</p><p>E:完善的群众自治法规体系</p>,5,ABCD,本题考查中国特色法治体系的内涵。建设中国特色社会主义法治体系，必须形成以下五方面的体系：完备的法律规范体系；高效的法治实施体系；严密的法治监督体系；有力的法治保障体系；完善的党内法规体系。这五个子体系构成了中国特色法治体系的内涵。,579,1
2,"下列关于行政复议制度和行政诉讼制度的异同点的说法中，错误的有（  ）。",<p>A:行政复议原则上采取书面审查的方法，行政诉讼原则上应开庭审理</p><p>B:行政复议和行政诉讼都不能以调解方式结案</p><p>C:行政复议和行政诉讼中被诉具体行政行为原则上都不停止执行</p><p>D:行政复议和行政诉讼都只能对被诉行政行为的合法性进行审查，不能对其合理性进行审查</p><p>E:行政复议是行政诉讼的前置阶段和必经程序</p>,5,DE,本题考查行政复议制度和行政诉讼制度的异同点。行政复议原则上采取书面审查的方法，行政诉讼原则上应开庭审理；行政复议和行政诉讼都不能以调解方式结案；行政复议和行政诉讼都中被诉具体行政行为原则上都不停止执行。行政复议对被诉行政行为的合法性和合理性进行审查。,584,1
